PRAGMA foreign_keys=OFF;
BEGIN TRANSACTION;
CREATE TABLE `strapi_migrations` (`id` integer not null primary key autoincrement, `name` varchar(255), `time` datetime);
CREATE TABLE `strapi_database_schema` (`id` integer not null primary key autoincrement, `schema` json, `time` datetime, `hash` varchar(255));
INSERT INTO strapi_database_schema VALUES(15,'{"tables":[{"name":"strapi_core_store_settings","indexes":[],"foreignKeys":[],"columns":[{"name":"id","type":"increments","args":[{"primary":true,"primaryKey":true}],"defaultTo":null,"notNullable":true,"unsigned":false},{"name":"key","type":"string","args":[],"defaultTo":null,"notNullable":false,"unsigned":false},{"name":"value","type":"text","args":["longtext"],"defaultTo":null,"notNullable":false,"unsigned":false},{"name":"type","type":"string","args":[],"defaultTo":null,"notNullable":false,"unsigned":false},{"name":"environment","type":"string","args":[],"defaultTo":null,"notNullable":false,"unsigned":false},{"name":"tag","type":"string","args":[],"defaultTo":null,"notNullable":false,"unsigned":false}]},{"name":"strapi_webhooks","indexes":[],"foreignKeys":[],"columns":[{"name":"id","type":"increments","args":[{"primary":true,"primaryKey":true}],"defaultTo":null,"notNullable":true,"unsigned":false},{"name":"name","type":"string","args":[],"defaultTo":null,"notNullable":false,"unsigned":false},{"name":"url","type":"text","args":["longtext"],"defaultTo":null,"notNullable":false,"unsigned":false},{"name":"headers","type":"jsonb","args":[],"defaultTo":null,"notNullable":false,"unsigned":false},{"name":"events","type":"jsonb","args":[],"defaultTo":null,"notNullable":false,"unsigned":false},{"name":"enabled","type":"boolean","args":[],"defaultTo":null,"notNullable":false,"unsigned":false}]},{"name":"admin_permissions","indexes":[{"name":"admin_permissions_created_by_id_fk","columns":["created_by_id"]},{"name":"admin_permissions_updated_by_id_fk","columns":["updated_by_id"]}],"foreignKeys":[{"name":"admin_permissions_created_by_id_fk","columns":["created_by_id"],"referencedTable":"admin_users","referencedColumns":["id"],"onDelete":"SET NULL"},{"name":"admin_permissions_updated_by_id_fk","columns":["updated_by_id"],"referencedTable":"admin_users","referencedColumns":["id"],"onDelete":"SET NULL"}],"columns":[{"name":"id","type":"increments","args":[{"primary":true,"primaryKey":true}],"defaultTo":null,"notNullable":true,"unsigned":false},{"name":"action","type":"string","args":[],"defaultTo":null,"notNullable":false,"unsigned":false},{"name":"action_parameters","type":"jsonb","args":[],"defaultTo":null,"notNullable":false,"unsigned":false},{"name":"subject","type":"string","args":[],"defaultTo":null,"notNullable":false,"unsigned":false},{"name":"properties","type":"jsonb","args":[],"defaultTo":null,"notNullable":false,"unsigned":false},{"name":"conditions","type":"jsonb","args":[],"defaultTo":null,"notNullable":false,"unsigned":false},{"name":"created_at","type":"datetime","args":[{"useTz":false,"precision":6}],"defaultTo":null,"notNullable":false,"unsigned":false},{"name":"updated_at","type":"datetime","args":[{"useTz":false,"precision":6}],"defaultTo":null,"notNullable":false,"unsigned":false},{"name":"created_by_id","type":"integer","args":[],"defaultTo":null,"notNullable":false,"unsigned":true},{"name":"updated_by_id","type":"integer","args":[],"defaultTo":null,"notNullable":false,"unsigned":true}]},{"name":"admin_users","indexes":[{"name":"admin_users_created_by_id_fk","columns":["created_by_id"]},{"name":"admin_users_updated_by_id_fk","columns":["updated_by_id"]}],"foreignKeys":[{"name":"admin_users_created_by_id_fk","columns":["created_by_id"],"referencedTable":"admin_users","referencedColumns":["id"],"onDelete":"SET NULL"},{"name":"admin_users_updated_by_id_fk","columns":["updated_by_id"],"referencedTable":"admin_users","referencedColumns":["id"],"onDelete":"SET NULL"}],"columns":[{"name":"id","type":"increments","args":[{"primary":true,"primaryKey":true}],"defaultTo":null,"notNullable":true,"unsigned":false},{"name":"firstname","type":"string","args":[],"defaultTo":null,"notNullable":false,"unsigned":false},{"name":"lastname","type":"string","args":[],"defaultTo":null,"notNullable":false,"unsigned":false},{"name":"username","type":"string","args":[],"defaultTo":null,"notNullable":false,"unsigned":false},{"name":"email","type":"string","args":[],"defaultTo":null,"notNullable":false,"unsigned":false},{"name":"password","type":"string","args":[],"defaultTo":null,"notNullable":false,"unsigned":false},{"name":"reset_password_token","type":"string","args":[],"defaultTo":null,"notNullable":false,"unsigned":false},{"name":"registration_token","type":"string","args":[],"defaultTo":null,"notNullable":false,"unsigned":false},{"name":"is_active","type":"boolean","args":[],"defaultTo":null,"notNullable":false,"unsigned":false},{"name":"blocked","type":"boolean","args":[],"defaultTo":null,"notNullable":false,"unsigned":false},{"name":"prefered_language","type":"string","args":[],"defaultTo":null,"notNullable":false,"unsigned":false},{"name":"created_at","type":"datetime","args":[{"useTz":false,"precision":6}],"defaultTo":null,"notNullable":false,"unsigned":false},{"name":"updated_at","type":"datetime","args":[{"useTz":false,"precision":6}],"defaultTo":null,"notNullable":false,"unsigned":false},{"name":"created_by_id","type":"integer","args":[],"defaultTo":null,"notNullable":false,"unsigned":true},{"name":"updated_by_id","type":"integer","args":[],"defaultTo":null,"notNullable":false,"unsigned":true}]},{"name":"admin_roles","indexes":[{"name":"admin_roles_created_by_id_fk","columns":["created_by_id"]},{"name":"admin_roles_updated_by_id_fk","columns":["updated_by_id"]}],"foreignKeys":[{"name":"admin_roles_created_by_id_fk","columns":["created_by_id"],"referencedTable":"admin_users","referencedColumns":["id"],"onDelete":"SET NULL"},{"name":"admin_roles_updated_by_id_fk","columns":["updated_by_id"],"referencedTable":"admin_users","referencedColumns":["id"],"onDelete":"SET NULL"}],"columns":[{"name":"id","type":"increments","args":[{"primary":true,"primaryKey":true}],"defaultTo":null,"notNullable":true,"unsigned":false},{"name":"name","type":"string","args":[],"defaultTo":null,"notNullable":false,"unsigned":false},{"name":"code","type":"string","args":[],"defaultTo":null,"notNullable":false,"unsigned":false},{"name":"description","type":"string","args":[],"defaultTo":null,"notNullable":false,"unsigned":false},{"name":"created_at","type":"datetime","args":[{"useTz":false,"precision":6}],"defaultTo":null,"notNullable":false,"unsigned":false},{"name":"updated_at","type":"datetime","args":[{"useTz":false,"precision":6}],"defaultTo":null,"notNullable":false,"unsigned":false},{"name":"created_by_id","type":"integer","args":[],"defaultTo":null,"notNullable":false,"unsigned":true},{"name":"updated_by_id","type":"integer","args":[],"defaultTo":null,"notNullable":false,"unsigned":true}]},{"name":"strapi_api_tokens","indexes":[{"name":"strapi_api_tokens_created_by_id_fk","columns":["created_by_id"]},{"name":"strapi_api_tokens_updated_by_id_fk","columns":["updated_by_id"]}],"foreignKeys":[{"name":"strapi_api_tokens_created_by_id_fk","columns":["created_by_id"],"referencedTable":"admin_users","referencedColumns":["id"],"onDelete":"SET NULL"},{"name":"strapi_api_tokens_updated_by_id_fk","columns":["updated_by_id"],"referencedTable":"admin_users","referencedColumns":["id"],"onDelete":"SET NULL"}],"columns":[{"name":"id","type":"increments","args":[{"primary":true,"primaryKey":true}],"defaultTo":null,"notNullable":true,"unsigned":false},{"name":"name","type":"string","args":[],"defaultTo":null,"notNullable":false,"unsigned":false},{"name":"description","type":"string","args":[],"defaultTo":null,"notNullable":false,"unsigned":false},{"name":"type","type":"string","args":[],"defaultTo":null,"notNullable":false,"unsigned":false},{"name":"access_key","type":"string","args":[],"defaultTo":null,"notNullable":false,"unsigned":false},{"name":"last_used_at","type":"datetime","args":[{"useTz":false,"precision":6}],"defaultTo":null,"notNullable":false,"unsigned":false},{"name":"expires_at","type":"datetime","args":[{"useTz":false,"precision":6}],"defaultTo":null,"notNullable":false,"unsigned":false},{"name":"lifespan","type":"bigInteger","args":[],"defaultTo":null,"notNullable":false,"unsigned":false},{"name":"created_at","type":"datetime","args":[{"useTz":false,"precision":6}],"defaultTo":null,"notNullable":false,"unsigned":false},{"name":"updated_at","type":"datetime","args":[{"useTz":false,"precision":6}],"defaultTo":null,"notNullable":false,"unsigned":false},{"name":"created_by_id","type":"integer","args":[],"defaultTo":null,"notNullable":false,"unsigned":true},{"name":"updated_by_id","type":"integer","args":[],"defaultTo":null,"notNullable":false,"unsigned":true}]},{"name":"strapi_api_token_permissions","indexes":[{"name":"strapi_api_token_permissions_created_by_id_fk","columns":["created_by_id"]},{"name":"strapi_api_token_permissions_updated_by_id_fk","columns":["updated_by_id"]}],"foreignKeys":[{"name":"strapi_api_token_permissions_created_by_id_fk","columns":["created_by_id"],"referencedTable":"admin_users","referencedColumns":["id"],"onDelete":"SET NULL"},{"name":"strapi_api_token_permissions_updated_by_id_fk","columns":["updated_by_id"],"referencedTable":"admin_users","referencedColumns":["id"],"onDelete":"SET NULL"}],"columns":[{"name":"id","type":"increments","args":[{"primary":true,"primaryKey":true}],"defaultTo":null,"notNullable":true,"unsigned":false},{"name":"action","type":"string","args":[],"defaultTo":null,"notNullable":false,"unsigned":false},{"name":"created_at","type":"datetime","args":[{"useTz":false,"precision":6}],"defaultTo":null,"notNullable":false,"unsigned":false},{"name":"updated_at","type":"datetime","args":[{"useTz":false,"precision":6}],"defaultTo":null,"notNullable":false,"unsigned":false},{"name":"created_by_id","type":"integer","args":[],"defaultTo":null,"notNullable":false,"unsigned":true},{"name":"updated_by_id","type":"integer","args":[],"defaultTo":null,"notNullable":false,"unsigned":true}]},{"name":"strapi_transfer_tokens","indexes":[{"name":"strapi_transfer_tokens_created_by_id_fk","columns":["created_by_id"]},{"name":"strapi_transfer_tokens_updated_by_id_fk","columns":["updated_by_id"]}],"foreignKeys":[{"name":"strapi_transfer_tokens_created_by_id_fk","columns":["created_by_id"],"referencedTable":"admin_users","referencedColumns":["id"],"onDelete":"SET NULL"},{"name":"strapi_transfer_tokens_updated_by_id_fk","columns":["updated_by_id"],"referencedTable":"admin_users","referencedColumns":["id"],"onDelete":"SET NULL"}],"columns":[{"name":"id","type":"increments","args":[{"primary":true,"primaryKey":true}],"defaultTo":null,"notNullable":true,"unsigned":false},{"name":"name","type":"string","args":[],"defaultTo":null,"notNullable":false,"unsigned":false},{"name":"description","type":"string","args":[],"defaultTo":null,"notNullable":false,"unsigned":false},{"name":"access_key","type":"string","args":[],"defaultTo":null,"notNullable":false,"unsigned":false},{"name":"last_used_at","type":"datetime","args":[{"useTz":false,"precision":6}],"defaultTo":null,"notNullable":false,"unsigned":false},{"name":"expires_at","type":"datetime","args":[{"useTz":false,"precision":6}],"defaultTo":null,"notNullable":false,"unsigned":false},{"name":"lifespan","type":"bigInteger","args":[],"defaultTo":null,"notNullable":false,"unsigned":false},{"name":"created_at","type":"datetime","args":[{"useTz":false,"precision":6}],"defaultTo":null,"notNullable":false,"unsigned":false},{"name":"updated_at","type":"datetime","args":[{"useTz":false,"precision":6}],"defaultTo":null,"notNullable":false,"unsigned":false},{"name":"created_by_id","type":"integer","args":[],"defaultTo":null,"notNullable":false,"unsigned":true},{"name":"updated_by_id","type":"integer","args":[],"defaultTo":null,"notNullable":false,"unsigned":true}]},{"name":"strapi_transfer_token_permissions","indexes":[{"name":"strapi_transfer_token_permissions_created_by_id_fk","columns":["created_by_id"]},{"name":"strapi_transfer_token_permissions_updated_by_id_fk","columns":["updated_by_id"]}],"foreignKeys":[{"name":"strapi_transfer_token_permissions_created_by_id_fk","columns":["created_by_id"],"referencedTable":"admin_users","referencedColumns":["id"],"onDelete":"SET NULL"},{"name":"strapi_transfer_token_permissions_updated_by_id_fk","columns":["updated_by_id"],"referencedTable":"admin_users","referencedColumns":["id"],"onDelete":"SET NULL"}],"columns":[{"name":"id","type":"increments","args":[{"primary":true,"primaryKey":true}],"defaultTo":null,"notNullable":true,"unsigned":false},{"name":"action","type":"string","args":[],"defaultTo":null,"notNullable":false,"unsigned":false},{"name":"created_at","type":"datetime","args":[{"useTz":false,"precision":6}],"defaultTo":null,"notNullable":false,"unsigned":false},{"name":"updated_at","type":"datetime","args":[{"useTz":false,"precision":6}],"defaultTo":null,"notNullable":false,"unsigned":false},{"name":"created_by_id","type":"integer","args":[],"defaultTo":null,"notNullable":false,"unsigned":true},{"name":"updated_by_id","type":"integer","args":[],"defaultTo":null,"notNullable":false,"unsigned":true}]},{"name":"files","indexes":[{"name":"upload_files_folder_path_index","columns":["folder_path"],"type":null},{"name":"upload_files_created_at_index","columns":["created_at"],"type":null},{"name":"upload_files_updated_at_index","columns":["updated_at"],"type":null},{"name":"upload_files_name_index","columns":["name"],"type":null},{"name":"upload_files_size_index","columns":["size"],"type":null},{"name":"upload_files_ext_index","columns":["ext"],"type":null},{"name":"files_created_by_id_fk","columns":["created_by_id"]},{"name":"files_updated_by_id_fk","columns":["updated_by_id"]}],"foreignKeys":[{"name":"files_created_by_id_fk","columns":["created_by_id"],"referencedTable":"admin_users","referencedColumns":["id"],"onDelete":"SET NULL"},{"name":"files_updated_by_id_fk","columns":["updated_by_id"],"referencedTable":"admin_users","referencedColumns":["id"],"onDelete":"SET NULL"}],"columns":[{"name":"id","type":"increments","args":[{"primary":true,"primaryKey":true}],"defaultTo":null,"notNullable":true,"unsigned":false},{"name":"name","type":"string","args":[],"defaultTo":null,"notNullable":false,"unsigned":false},{"name":"alternative_text","type":"string","args":[],"defaultTo":null,"notNullable":false,"unsigned":false},{"name":"caption","type":"string","args":[],"defaultTo":null,"notNullable":false,"unsigned":false},{"name":"width","type":"integer","args":[],"defaultTo":null,"notNullable":false,"unsigned":false},{"name":"height","type":"integer","args":[],"defaultTo":null,"notNullable":false,"unsigned":false},{"name":"formats","type":"jsonb","args":[],"defaultTo":null,"notNullable":false,"unsigned":false},{"name":"hash","type":"string","args":[],"defaultTo":null,"notNullable":false,"unsigned":false},{"name":"ext","type":"string","args":[],"defaultTo":null,"notNullable":false,"unsigned":false},{"name":"mime","type":"string","args":[],"defaultTo":null,"notNullable":false,"unsigned":false},{"name":"size","type":"decimal","args":[10,2],"defaultTo":null,"notNullable":false,"unsigned":false},{"name":"url","type":"string","args":[],"defaultTo":null,"notNullable":false,"unsigned":false},{"name":"preview_url","type":"string","args":[],"defaultTo":null,"notNullable":false,"unsigned":false},{"name":"provider","type":"string","args":[],"defaultTo":null,"notNullable":false,"unsigned":false},{"name":"provider_metadata","type":"jsonb","args":[],"defaultTo":null,"notNullable":false,"unsigned":false},{"name":"folder_path","type":"string","args":[],"defaultTo":null,"notNullable":false,"unsigned":false},{"name":"created_at","type":"datetime","args":[{"useTz":false,"precision":6}],"defaultTo":null,"notNullable":false,"unsigned":false},{"name":"updated_at","type":"datetime","args":[{"useTz":false,"precision":6}],"defaultTo":null,"notNullable":false,"unsigned":false},{"name":"created_by_id","type":"integer","args":[],"defaultTo":null,"notNullable":false,"unsigned":true},{"name":"updated_by_id","type":"integer","args":[],"defaultTo":null,"notNullable":false,"unsigned":true}]},{"name":"upload_folders","indexes":[{"name":"upload_folders_path_id_index","columns":["path_id"],"type":"unique"},{"name":"upload_folders_path_index","columns":["path"],"type":"unique"},{"name":"upload_folders_created_by_id_fk","columns":["created_by_id"]},{"name":"upload_folders_updated_by_id_fk","columns":["updated_by_id"]}],"foreignKeys":[{"name":"upload_folders_created_by_id_fk","columns":["created_by_id"],"referencedTable":"admin_users","referencedColumns":["id"],"onDelete":"SET NULL"},{"name":"upload_folders_updated_by_id_fk","columns":["updated_by_id"],"referencedTable":"admin_users","referencedColumns":["id"],"onDelete":"SET NULL"}],"columns":[{"name":"id","type":"increments","args":[{"primary":true,"primaryKey":true}],"defaultTo":null,"notNullable":true,"unsigned":false},{"name":"name","type":"string","args":[],"defaultTo":null,"notNullable":false,"unsigned":false},{"name":"path_id","type":"integer","args":[],"defaultTo":null,"notNullable":false,"unsigned":false},{"name":"path","type":"string","args":[],"defaultTo":null,"notNullable":false,"unsigned":false},{"name":"created_at","type":"datetime","args":[{"useTz":false,"precision":6}],"defaultTo":null,"notNullable":false,"unsigned":false},{"name":"updated_at","type":"datetime","args":[{"useTz":false,"precision":6}],"defaultTo":null,"notNullable":false,"unsigned":false},{"name":"created_by_id","type":"integer","args":[],"defaultTo":null,"notNullable":false,"unsigned":true},{"name":"updated_by_id","type":"integer","args":[],"defaultTo":null,"notNullable":false,"unsigned":true}]},{"name":"up_permissions","indexes":[{"name":"up_permissions_created_by_id_fk","columns":["created_by_id"]},{"name":"up_permissions_updated_by_id_fk","columns":["updated_by_id"]}],"foreignKeys":[{"name":"up_permissions_created_by_id_fk","columns":["created_by_id"],"referencedTable":"admin_users","referencedColumns":["id"],"onDelete":"SET NULL"},{"name":"up_permissions_updated_by_id_fk","columns":["updated_by_id"],"referencedTable":"admin_users","referencedColumns":["id"],"onDelete":"SET NULL"}],"columns":[{"name":"id","type":"increments","args":[{"primary":true,"primaryKey":true}],"defaultTo":null,"notNullable":true,"unsigned":false},{"name":"action","type":"string","args":[],"defaultTo":null,"notNullable":false,"unsigned":false},{"name":"created_at","type":"datetime","args":[{"useTz":false,"precision":6}],"defaultTo":null,"notNullable":false,"unsigned":false},{"name":"updated_at","type":"datetime","args":[{"useTz":false,"precision":6}],"defaultTo":null,"notNullable":false,"unsigned":false},{"name":"created_by_id","type":"integer","args":[],"defaultTo":null,"notNullable":false,"unsigned":true},{"name":"updated_by_id","type":"integer","args":[],"defaultTo":null,"notNullable":false,"unsigned":true}]},{"name":"up_roles","indexes":[{"name":"up_roles_created_by_id_fk","columns":["created_by_id"]},{"name":"up_roles_updated_by_id_fk","columns":["updated_by_id"]}],"foreignKeys":[{"name":"up_roles_created_by_id_fk","columns":["created_by_id"],"referencedTable":"admin_users","referencedColumns":["id"],"onDelete":"SET NULL"},{"name":"up_roles_updated_by_id_fk","columns":["updated_by_id"],"referencedTable":"admin_users","referencedColumns":["id"],"onDelete":"SET NULL"}],"columns":[{"name":"id","type":"increments","args":[{"primary":true,"primaryKey":true}],"defaultTo":null,"notNullable":true,"unsigned":false},{"name":"name","type":"string","args":[],"defaultTo":null,"notNullable":false,"unsigned":false},{"name":"description","type":"string","args":[],"defaultTo":null,"notNullable":false,"unsigned":false},{"name":"type","type":"string","args":[],"defaultTo":null,"notNullable":false,"unsigned":false},{"name":"created_at","type":"datetime","args":[{"useTz":false,"precision":6}],"defaultTo":null,"notNullable":false,"unsigned":false},{"name":"updated_at","type":"datetime","args":[{"useTz":false,"precision":6}],"defaultTo":null,"notNullable":false,"unsigned":false},{"name":"created_by_id","type":"integer","args":[],"defaultTo":null,"notNullable":false,"unsigned":true},{"name":"updated_by_id","type":"integer","args":[],"defaultTo":null,"notNullable":false,"unsigned":true}]},{"name":"up_users","indexes":[{"name":"up_users_created_by_id_fk","columns":["created_by_id"]},{"name":"up_users_updated_by_id_fk","columns":["updated_by_id"]}],"foreignKeys":[{"name":"up_users_created_by_id_fk","columns":["created_by_id"],"referencedTable":"admin_users","referencedColumns":["id"],"onDelete":"SET NULL"},{"name":"up_users_updated_by_id_fk","columns":["updated_by_id"],"referencedTable":"admin_users","referencedColumns":["id"],"onDelete":"SET NULL"}],"columns":[{"name":"id","type":"increments","args":[{"primary":true,"primaryKey":true}],"defaultTo":null,"notNullable":true,"unsigned":false},{"name":"username","type":"string","args":[],"defaultTo":null,"notNullable":false,"unsigned":false},{"name":"email","type":"string","args":[],"defaultTo":null,"notNullable":false,"unsigned":false},{"name":"provider","type":"string","args":[],"defaultTo":null,"notNullable":false,"unsigned":false},{"name":"password","type":"string","args":[],"defaultTo":null,"notNullable":false,"unsigned":false},{"name":"reset_password_token","type":"string","args":[],"defaultTo":null,"notNullable":false,"unsigned":false},{"name":"confirmation_token","type":"string","args":[],"defaultTo":null,"notNullable":false,"unsigned":false},{"name":"confirmed","type":"boolean","args":[],"defaultTo":null,"notNullable":false,"unsigned":false},{"name":"blocked","type":"boolean","args":[],"defaultTo":null,"notNullable":false,"unsigned":false},{"name":"created_at","type":"datetime","args":[{"useTz":false,"precision":6}],"defaultTo":null,"notNullable":false,"unsigned":false},{"name":"updated_at","type":"datetime","args":[{"useTz":false,"precision":6}],"defaultTo":null,"notNullable":false,"unsigned":false},{"name":"created_by_id","type":"integer","args":[],"defaultTo":null,"notNullable":false,"unsigned":true},{"name":"updated_by_id","type":"integer","args":[],"defaultTo":null,"notNullable":false,"unsigned":true}]},{"name":"i18n_locale","indexes":[{"name":"i18n_locale_created_by_id_fk","columns":["created_by_id"]},{"name":"i18n_locale_updated_by_id_fk","columns":["updated_by_id"]}],"foreignKeys":[{"name":"i18n_locale_created_by_id_fk","columns":["created_by_id"],"referencedTable":"admin_users","referencedColumns":["id"],"onDelete":"SET NULL"},{"name":"i18n_locale_updated_by_id_fk","columns":["updated_by_id"],"referencedTable":"admin_users","referencedColumns":["id"],"onDelete":"SET NULL"}],"columns":[{"name":"id","type":"increments","args":[{"primary":true,"primaryKey":true}],"defaultTo":null,"notNullable":true,"unsigned":false},{"name":"name","type":"string","args":[],"defaultTo":null,"notNullable":false,"unsigned":false},{"name":"code","type":"string","args":[],"defaultTo":null,"notNullable":false,"unsigned":false},{"name":"created_at","type":"datetime","args":[{"useTz":false,"precision":6}],"defaultTo":null,"notNullable":false,"unsigned":false},{"name":"updated_at","type":"datetime","args":[{"useTz":false,"precision":6}],"defaultTo":null,"notNullable":false,"unsigned":false},{"name":"created_by_id","type":"integer","args":[],"defaultTo":null,"notNullable":false,"unsigned":true},{"name":"updated_by_id","type":"integer","args":[],"defaultTo":null,"notNullable":false,"unsigned":true}]},{"name":"article","indexes":[{"name":"article_created_by_id_fk","columns":["created_by_id"]},{"name":"article_updated_by_id_fk","columns":["updated_by_id"]}],"foreignKeys":[{"name":"article_created_by_id_fk","columns":["created_by_id"],"referencedTable":"admin_users","referencedColumns":["id"],"onDelete":"SET NULL"},{"name":"article_updated_by_id_fk","columns":["updated_by_id"],"referencedTable":"admin_users","referencedColumns":["id"],"onDelete":"SET NULL"}],"columns":[{"name":"id","type":"increments","args":[{"primary":true,"primaryKey":true}],"defaultTo":null,"notNullable":true,"unsigned":false},{"name":"title","type":"string","args":[],"defaultTo":null,"notNullable":false,"unsigned":false},{"name":"date","type":"date","args":[],"defaultTo":null,"notNullable":false,"unsigned":false},{"name":"content","type":"text","args":["longtext"],"defaultTo":null,"notNullable":false,"unsigned":false},{"name":"created_at","type":"datetime","args":[{"useTz":false,"precision":6}],"defaultTo":null,"notNullable":false,"unsigned":false},{"name":"updated_at","type":"datetime","args":[{"useTz":false,"precision":6}],"defaultTo":null,"notNullable":false,"unsigned":false},{"name":"published_at","type":"datetime","args":[{"useTz":false,"precision":6}],"defaultTo":null,"notNullable":false,"unsigned":false},{"name":"created_by_id","type":"integer","args":[],"defaultTo":null,"notNullable":false,"unsigned":true},{"name":"updated_by_id","type":"integer","args":[],"defaultTo":null,"notNullable":false,"unsigned":true},{"name":"locale","type":"string","args":[],"defaultTo":null,"notNullable":false,"unsigned":false}]},{"name":"continents","indexes":[{"name":"continents_created_by_id_fk","columns":["created_by_id"]},{"name":"continents_updated_by_id_fk","columns":["updated_by_id"]}],"foreignKeys":[{"name":"continents_created_by_id_fk","columns":["created_by_id"],"referencedTable":"admin_users","referencedColumns":["id"],"onDelete":"SET NULL"},{"name":"continents_updated_by_id_fk","columns":["updated_by_id"],"referencedTable":"admin_users","referencedColumns":["id"],"onDelete":"SET NULL"}],"columns":[{"name":"id","type":"increments","args":[{"primary":true,"primaryKey":true}],"defaultTo":null,"notNullable":true,"unsigned":false},{"name":"name","type":"string","args":[],"defaultTo":null,"notNullable":false,"unsigned":false},{"name":"created_at","type":"datetime","args":[{"useTz":false,"precision":6}],"defaultTo":null,"notNullable":false,"unsigned":false},{"name":"updated_at","type":"datetime","args":[{"useTz":false,"precision":6}],"defaultTo":null,"notNullable":false,"unsigned":false},{"name":"published_at","type":"datetime","args":[{"useTz":false,"precision":6}],"defaultTo":null,"notNullable":false,"unsigned":false},{"name":"created_by_id","type":"integer","args":[],"defaultTo":null,"notNullable":false,"unsigned":true},{"name":"updated_by_id","type":"integer","args":[],"defaultTo":null,"notNullable":false,"unsigned":true},{"name":"locale","type":"string","args":[],"defaultTo":null,"notNullable":false,"unsigned":false}]},{"name":"countries","indexes":[{"name":"countries_created_by_id_fk","columns":["created_by_id"]},{"name":"countries_updated_by_id_fk","columns":["updated_by_id"]}],"foreignKeys":[{"name":"countries_created_by_id_fk","columns":["created_by_id"],"referencedTable":"admin_users","referencedColumns":["id"],"onDelete":"SET NULL"},{"name":"countries_updated_by_id_fk","columns":["updated_by_id"],"referencedTable":"admin_users","referencedColumns":["id"],"onDelete":"SET NULL"}],"columns":[{"name":"id","type":"increments","args":[{"primary":true,"primaryKey":true}],"defaultTo":null,"notNullable":true,"unsigned":false},{"name":"name","type":"string","args":[],"defaultTo":null,"notNullable":false,"unsigned":false},{"name":"created_at","type":"datetime","args":[{"useTz":false,"precision":6}],"defaultTo":null,"notNullable":false,"unsigned":false},{"name":"updated_at","type":"datetime","args":[{"useTz":false,"precision":6}],"defaultTo":null,"notNullable":false,"unsigned":false},{"name":"published_at","type":"datetime","args":[{"useTz":false,"precision":6}],"defaultTo":null,"notNullable":false,"unsigned":false},{"name":"created_by_id","type":"integer","args":[],"defaultTo":null,"notNullable":false,"unsigned":true},{"name":"updated_by_id","type":"integer","args":[],"defaultTo":null,"notNullable":false,"unsigned":true},{"name":"locale","type":"string","args":[],"defaultTo":null,"notNullable":false,"unsigned":false}]},{"name":"types","indexes":[{"name":"types_created_by_id_fk","columns":["created_by_id"]},{"name":"types_updated_by_id_fk","columns":["updated_by_id"]}],"foreignKeys":[{"name":"types_created_by_id_fk","columns":["created_by_id"],"referencedTable":"admin_users","referencedColumns":["id"],"onDelete":"SET NULL"},{"name":"types_updated_by_id_fk","columns":["updated_by_id"],"referencedTable":"admin_users","referencedColumns":["id"],"onDelete":"SET NULL"}],"columns":[{"name":"id","type":"increments","args":[{"primary":true,"primaryKey":true}],"defaultTo":null,"notNullable":true,"unsigned":false},{"name":"article_type","type":"string","args":[],"defaultTo":null,"notNullable":false,"unsigned":false},{"name":"created_at","type":"datetime","args":[{"useTz":false,"precision":6}],"defaultTo":null,"notNullable":false,"unsigned":false},{"name":"updated_at","type":"datetime","args":[{"useTz":false,"precision":6}],"defaultTo":null,"notNullable":false,"unsigned":false},{"name":"published_at","type":"datetime","args":[{"useTz":false,"precision":6}],"defaultTo":null,"notNullable":false,"unsigned":false},{"name":"created_by_id","type":"integer","args":[],"defaultTo":null,"notNullable":false,"unsigned":true},{"name":"updated_by_id","type":"integer","args":[],"defaultTo":null,"notNullable":false,"unsigned":true}]},{"name":"universal_quotes","indexes":[{"name":"universal_quotes_created_by_id_fk","columns":["created_by_id"]},{"name":"universal_quotes_updated_by_id_fk","columns":["updated_by_id"]}],"foreignKeys":[{"name":"universal_quotes_created_by_id_fk","columns":["created_by_id"],"referencedTable":"admin_users","referencedColumns":["id"],"onDelete":"SET NULL"},{"name":"universal_quotes_updated_by_id_fk","columns":["updated_by_id"],"referencedTable":"admin_users","referencedColumns":["id"],"onDelete":"SET NULL"}],"columns":[{"name":"id","type":"increments","args":[{"primary":true,"primaryKey":true}],"defaultTo":null,"notNullable":true,"unsigned":false},{"name":"sentence","type":"text","args":["longtext"],"defaultTo":null,"notNullable":false,"unsigned":false},{"name":"date","type":"date","args":[],"defaultTo":null,"notNullable":false,"unsigned":false},{"name":"country","type":"string","args":[],"defaultTo":null,"notNullable":false,"unsigned":false},{"name":"city","type":"string","args":[],"defaultTo":null,"notNullable":false,"unsigned":false},{"name":"created_at","type":"datetime","args":[{"useTz":false,"precision":6}],"defaultTo":null,"notNullable":false,"unsigned":false},{"name":"updated_at","type":"datetime","args":[{"useTz":false,"precision":6}],"defaultTo":null,"notNullable":false,"unsigned":false},{"name":"published_at","type":"datetime","args":[{"useTz":false,"precision":6}],"defaultTo":null,"notNullable":false,"unsigned":false},{"name":"created_by_id","type":"integer","args":[],"defaultTo":null,"notNullable":false,"unsigned":true},{"name":"updated_by_id","type":"integer","args":[],"defaultTo":null,"notNullable":false,"unsigned":true},{"name":"locale","type":"string","args":[],"defaultTo":null,"notNullable":false,"unsigned":false}]},{"name":"admin_permissions_role_links","indexes":[{"name":"admin_permissions_role_links_fk","columns":["permission_id"]},{"name":"admin_permissions_role_links_inv_fk","columns":["role_id"]},{"name":"admin_permissions_role_links_unique","columns":["permission_id","role_id"],"type":"unique"},{"name":"admin_permissions_role_links_order_inv_fk","columns":["permission_order"]}],"foreignKeys":[{"name":"admin_permissions_role_links_fk","columns":["permission_id"],"referencedColumns":["id"],"referencedTable":"admin_permissions","onDelete":"CASCADE"},{"name":"admin_permissions_role_links_inv_fk","columns":["role_id"],"referencedColumns":["id"],"referencedTable":"admin_roles","onDelete":"CASCADE"}],"columns":[{"name":"id","type":"increments","args":[{"primary":true,"primaryKey":true}],"defaultTo":null,"notNullable":true,"unsigned":false},{"name":"permission_id","type":"integer","args":[],"defaultTo":null,"notNullable":false,"unsigned":true},{"name":"role_id","type":"integer","args":[],"defaultTo":null,"notNullable":false,"unsigned":true},{"name":"permission_order","type":"double","args":[],"defaultTo":null,"notNullable":false,"unsigned":true}]},{"name":"admin_users_roles_links","indexes":[{"name":"admin_users_roles_links_fk","columns":["user_id"]},{"name":"admin_users_roles_links_inv_fk","columns":["role_id"]},{"name":"admin_users_roles_links_unique","columns":["user_id","role_id"],"type":"unique"},{"name":"admin_users_roles_links_order_fk","columns":["role_order"]},{"name":"admin_users_roles_links_order_inv_fk","columns":["user_order"]}],"foreignKeys":[{"name":"admin_users_roles_links_fk","columns":["user_id"],"referencedColumns":["id"],"referencedTable":"admin_users","onDelete":"CASCADE"},{"name":"admin_users_roles_links_inv_fk","columns":["role_id"],"referencedColumns":["id"],"referencedTable":"admin_roles","onDelete":"CASCADE"}],"columns":[{"name":"id","type":"increments","args":[{"primary":true,"primaryKey":true}],"defaultTo":null,"notNullable":true,"unsigned":false},{"name":"user_id","type":"integer","args":[],"defaultTo":null,"notNullable":false,"unsigned":true},{"name":"role_id","type":"integer","args":[],"defaultTo":null,"notNullable":false,"unsigned":true},{"name":"role_order","type":"double","args":[],"defaultTo":null,"notNullable":false,"unsigned":true},{"name":"user_order","type":"double","args":[],"defaultTo":null,"notNullable":false,"unsigned":true}]},{"name":"strapi_api_token_permissions_token_links","indexes":[{"name":"strapi_api_token_permissions_token_links_fk","columns":["api_token_permission_id"]},{"name":"strapi_api_token_permissions_token_links_inv_fk","columns":["api_token_id"]},{"name":"strapi_api_token_permissions_token_links_unique","columns":["api_token_permission_id","api_token_id"],"type":"unique"},{"name":"strapi_api_token_permissions_token_links_order_inv_fk","columns":["api_token_permission_order"]}],"foreignKeys":[{"name":"strapi_api_token_permissions_token_links_fk","columns":["api_token_permission_id"],"referencedColumns":["id"],"referencedTable":"strapi_api_token_permissions","onDelete":"CASCADE"},{"name":"strapi_api_token_permissions_token_links_inv_fk","columns":["api_token_id"],"referencedColumns":["id"],"referencedTable":"strapi_api_tokens","onDelete":"CASCADE"}],"columns":[{"name":"id","type":"increments","args":[{"primary":true,"primaryKey":true}],"defaultTo":null,"notNullable":true,"unsigned":false},{"name":"api_token_permission_id","type":"integer","args":[],"defaultTo":null,"notNullable":false,"unsigned":true},{"name":"api_token_id","type":"integer","args":[],"defaultTo":null,"notNullable":false,"unsigned":true},{"name":"api_token_permission_order","type":"double","args":[],"defaultTo":null,"notNullable":false,"unsigned":true}]},{"name":"strapi_transfer_token_permissions_token_links","indexes":[{"name":"strapi_transfer_token_permissions_token_links_fk","columns":["transfer_token_permission_id"]},{"name":"strapi_transfer_token_permissions_token_links_inv_fk","columns":["transfer_token_id"]},{"name":"strapi_transfer_token_permissions_token_links_unique","columns":["transfer_token_permission_id","transfer_token_id"],"type":"unique"},{"name":"strapi_transfer_token_permissions_token_links_order_inv_fk","columns":["transfer_token_permission_order"]}],"foreignKeys":[{"name":"strapi_transfer_token_permissions_token_links_fk","columns":["transfer_token_permission_id"],"referencedColumns":["id"],"referencedTable":"strapi_transfer_token_permissions","onDelete":"CASCADE"},{"name":"strapi_transfer_token_permissions_token_links_inv_fk","columns":["transfer_token_id"],"referencedColumns":["id"],"referencedTable":"strapi_transfer_tokens","onDelete":"CASCADE"}],"columns":[{"name":"id","type":"increments","args":[{"primary":true,"primaryKey":true}],"defaultTo":null,"notNullable":true,"unsigned":false},{"name":"transfer_token_permission_id","type":"integer","args":[],"defaultTo":null,"notNullable":false,"unsigned":true},{"name":"transfer_token_id","type":"integer","args":[],"defaultTo":null,"notNullable":false,"unsigned":true},{"name":"transfer_token_permission_order","type":"double","args":[],"defaultTo":null,"notNullable":false,"unsigned":true}]},{"name":"files_related_morphs","indexes":[{"name":"files_related_morphs_fk","columns":["file_id"]},{"name":"files_related_morphs_order_index","columns":["order"],"type":null},{"name":"files_related_morphs_id_column_index","columns":["related_id"],"type":null}],"foreignKeys":[{"name":"files_related_morphs_fk","columns":["file_id"],"referencedColumns":["id"],"referencedTable":"files","onDelete":"CASCADE"}],"columns":[{"name":"id","type":"increments","args":[{"primary":true,"primaryKey":true}],"defaultTo":null,"notNullable":true,"unsigned":false},{"name":"file_id","type":"integer","args":[],"defaultTo":null,"notNullable":false,"unsigned":true},{"name":"related_id","type":"integer","args":[],"defaultTo":null,"notNullable":false,"unsigned":true},{"name":"related_type","type":"string","args":[],"defaultTo":null,"notNullable":false,"unsigned":false},{"name":"field","type":"string","args":[],"defaultTo":null,"notNullable":false,"unsigned":false},{"name":"order","type":"double","args":[],"defaultTo":null,"notNullable":false,"unsigned":true}]},{"name":"files_folder_links","indexes":[{"name":"files_folder_links_fk","columns":["file_id"]},{"name":"files_folder_links_inv_fk","columns":["folder_id"]},{"name":"files_folder_links_unique","columns":["file_id","folder_id"],"type":"unique"},{"name":"files_folder_links_order_inv_fk","columns":["file_order"]}],"foreignKeys":[{"name":"files_folder_links_fk","columns":["file_id"],"referencedColumns":["id"],"referencedTable":"files","onDelete":"CASCADE"},{"name":"files_folder_links_inv_fk","columns":["folder_id"],"referencedColumns":["id"],"referencedTable":"upload_folders","onDelete":"CASCADE"}],"columns":[{"name":"id","type":"increments","args":[{"primary":true,"primaryKey":true}],"defaultTo":null,"notNullable":true,"unsigned":false},{"name":"file_id","type":"integer","args":[],"defaultTo":null,"notNullable":false,"unsigned":true},{"name":"folder_id","type":"integer","args":[],"defaultTo":null,"notNullable":false,"unsigned":true},{"name":"file_order","type":"double","args":[],"defaultTo":null,"notNullable":false,"unsigned":true}]},{"name":"upload_folders_parent_links","indexes":[{"name":"upload_folders_parent_links_fk","columns":["folder_id"]},{"name":"upload_folders_parent_links_inv_fk","columns":["inv_folder_id"]},{"name":"upload_folders_parent_links_unique","columns":["folder_id","inv_folder_id"],"type":"unique"},{"name":"upload_folders_parent_links_order_inv_fk","columns":["folder_order"]}],"foreignKeys":[{"name":"upload_folders_parent_links_fk","columns":["folder_id"],"referencedColumns":["id"],"referencedTable":"upload_folders","onDelete":"CASCADE"},{"name":"upload_folders_parent_links_inv_fk","columns":["inv_folder_id"],"referencedColumns":["id"],"referencedTable":"upload_folders","onDelete":"CASCADE"}],"columns":[{"name":"id","type":"increments","args":[{"primary":true,"primaryKey":true}],"defaultTo":null,"notNullable":true,"unsigned":false},{"name":"folder_id","type":"integer","args":[],"defaultTo":null,"notNullable":false,"unsigned":true},{"name":"inv_folder_id","type":"integer","args":[],"defaultTo":null,"notNullable":false,"unsigned":true},{"name":"folder_order","type":"double","args":[],"defaultTo":null,"notNullable":false,"unsigned":true}]},{"name":"up_permissions_role_links","indexes":[{"name":"up_permissions_role_links_fk","columns":["permission_id"]},{"name":"up_permissions_role_links_inv_fk","columns":["role_id"]},{"name":"up_permissions_role_links_unique","columns":["permission_id","role_id"],"type":"unique"},{"name":"up_permissions_role_links_order_inv_fk","columns":["permission_order"]}],"foreignKeys":[{"name":"up_permissions_role_links_fk","columns":["permission_id"],"referencedColumns":["id"],"referencedTable":"up_permissions","onDelete":"CASCADE"},{"name":"up_permissions_role_links_inv_fk","columns":["role_id"],"referencedColumns":["id"],"referencedTable":"up_roles","onDelete":"CASCADE"}],"columns":[{"name":"id","type":"increments","args":[{"primary":true,"primaryKey":true}],"defaultTo":null,"notNullable":true,"unsigned":false},{"name":"permission_id","type":"integer","args":[],"defaultTo":null,"notNullable":false,"unsigned":true},{"name":"role_id","type":"integer","args":[],"defaultTo":null,"notNullable":false,"unsigned":true},{"name":"permission_order","type":"double","args":[],"defaultTo":null,"notNullable":false,"unsigned":true}]},{"name":"up_users_role_links","indexes":[{"name":"up_users_role_links_fk","columns":["user_id"]},{"name":"up_users_role_links_inv_fk","columns":["role_id"]},{"name":"up_users_role_links_unique","columns":["user_id","role_id"],"type":"unique"},{"name":"up_users_role_links_order_inv_fk","columns":["user_order"]}],"foreignKeys":[{"name":"up_users_role_links_fk","columns":["user_id"],"referencedColumns":["id"],"referencedTable":"up_users","onDelete":"CASCADE"},{"name":"up_users_role_links_inv_fk","columns":["role_id"],"referencedColumns":["id"],"referencedTable":"up_roles","onDelete":"CASCADE"}],"columns":[{"name":"id","type":"increments","args":[{"primary":true,"primaryKey":true}],"defaultTo":null,"notNullable":true,"unsigned":false},{"name":"user_id","type":"integer","args":[],"defaultTo":null,"notNullable":false,"unsigned":true},{"name":"role_id","type":"integer","args":[],"defaultTo":null,"notNullable":false,"unsigned":true},{"name":"user_order","type":"double","args":[],"defaultTo":null,"notNullable":false,"unsigned":true}]},{"name":"article_country_links","indexes":[{"name":"article_country_links_fk","columns":["articles_id"]},{"name":"article_country_links_inv_fk","columns":["country_id"]},{"name":"article_country_links_unique","columns":["articles_id","country_id"],"type":"unique"},{"name":"article_country_links_order_inv_fk","columns":["articles_order"]}],"foreignKeys":[{"name":"article_country_links_fk","columns":["articles_id"],"referencedColumns":["id"],"referencedTable":"article","onDelete":"CASCADE"},{"name":"article_country_links_inv_fk","columns":["country_id"],"referencedColumns":["id"],"referencedTable":"countries","onDelete":"CASCADE"}],"columns":[{"name":"id","type":"increments","args":[{"primary":true,"primaryKey":true}],"defaultTo":null,"notNullable":true,"unsigned":false},{"name":"articles_id","type":"integer","args":[],"defaultTo":null,"notNullable":false,"unsigned":true},{"name":"country_id","type":"integer","args":[],"defaultTo":null,"notNullable":false,"unsigned":true},{"name":"articles_order","type":"double","args":[],"defaultTo":null,"notNullable":false,"unsigned":true}]},{"name":"article_article_type_links","indexes":[{"name":"article_article_type_links_fk","columns":["articles_id"]},{"name":"article_article_type_links_inv_fk","columns":["type_id"]},{"name":"article_article_type_links_unique","columns":["articles_id","type_id"],"type":"unique"},{"name":"article_article_type_links_order_inv_fk","columns":["articles_order"]}],"foreignKeys":[{"name":"article_article_type_links_fk","columns":["articles_id"],"referencedColumns":["id"],"referencedTable":"article","onDelete":"CASCADE"},{"name":"article_article_type_links_inv_fk","columns":["type_id"],"referencedColumns":["id"],"referencedTable":"types","onDelete":"CASCADE"}],"columns":[{"name":"id","type":"increments","args":[{"primary":true,"primaryKey":true}],"defaultTo":null,"notNullable":true,"unsigned":false},{"name":"articles_id","type":"integer","args":[],"defaultTo":null,"notNullable":false,"unsigned":true},{"name":"type_id","type":"integer","args":[],"defaultTo":null,"notNullable":false,"unsigned":true},{"name":"articles_order","type":"double","args":[],"defaultTo":null,"notNullable":false,"unsigned":true}]},{"name":"article_localizations_links","indexes":[{"name":"article_localizations_links_fk","columns":["articles_id"]},{"name":"article_localizations_links_inv_fk","columns":["inv_articles_id"]},{"name":"article_localizations_links_unique","columns":["articles_id","inv_articles_id"],"type":"unique"},{"name":"article_localizations_links_order_fk","columns":["articles_order"]}],"foreignKeys":[{"name":"article_localizations_links_fk","columns":["articles_id"],"referencedColumns":["id"],"referencedTable":"article","onDelete":"CASCADE"},{"name":"article_localizations_links_inv_fk","columns":["inv_articles_id"],"referencedColumns":["id"],"referencedTable":"article","onDelete":"CASCADE"}],"columns":[{"name":"id","type":"increments","args":[{"primary":true,"primaryKey":true}],"defaultTo":null,"notNullable":true,"unsigned":false},{"name":"articles_id","type":"integer","args":[],"defaultTo":null,"notNullable":false,"unsigned":true},{"name":"inv_articles_id","type":"integer","args":[],"defaultTo":null,"notNullable":false,"unsigned":true},{"name":"articles_order","type":"double","args":[],"defaultTo":null,"notNullable":false,"unsigned":true}]},{"name":"continents_localizations_links","indexes":[{"name":"continents_localizations_links_fk","columns":["continent_id"]},{"name":"continents_localizations_links_inv_fk","columns":["inv_continent_id"]},{"name":"continents_localizations_links_unique","columns":["continent_id","inv_continent_id"],"type":"unique"},{"name":"continents_localizations_links_order_fk","columns":["continent_order"]}],"foreignKeys":[{"name":"continents_localizations_links_fk","columns":["continent_id"],"referencedColumns":["id"],"referencedTable":"continents","onDelete":"CASCADE"},{"name":"continents_localizations_links_inv_fk","columns":["inv_continent_id"],"referencedColumns":["id"],"referencedTable":"continents","onDelete":"CASCADE"}],"columns":[{"name":"id","type":"increments","args":[{"primary":true,"primaryKey":true}],"defaultTo":null,"notNullable":true,"unsigned":false},{"name":"continent_id","type":"integer","args":[],"defaultTo":null,"notNullable":false,"unsigned":true},{"name":"inv_continent_id","type":"integer","args":[],"defaultTo":null,"notNullable":false,"unsigned":true},{"name":"continent_order","type":"double","args":[],"defaultTo":null,"notNullable":false,"unsigned":true}]},{"name":"countries_continent_links","indexes":[{"name":"countries_continent_links_fk","columns":["country_id"]},{"name":"countries_continent_links_inv_fk","columns":["continent_id"]},{"name":"countries_continent_links_unique","columns":["country_id","continent_id"],"type":"unique"},{"name":"countries_continent_links_order_inv_fk","columns":["country_order"]}],"foreignKeys":[{"name":"countries_continent_links_fk","columns":["country_id"],"referencedColumns":["id"],"referencedTable":"countries","onDelete":"CASCADE"},{"name":"countries_continent_links_inv_fk","columns":["continent_id"],"referencedColumns":["id"],"referencedTable":"continents","onDelete":"CASCADE"}],"columns":[{"name":"id","type":"increments","args":[{"primary":true,"primaryKey":true}],"defaultTo":null,"notNullable":true,"unsigned":false},{"name":"country_id","type":"integer","args":[],"defaultTo":null,"notNullable":false,"unsigned":true},{"name":"continent_id","type":"integer","args":[],"defaultTo":null,"notNullable":false,"unsigned":true},{"name":"country_order","type":"double","args":[],"defaultTo":null,"notNullable":false,"unsigned":true}]},{"name":"countries_localizations_links","indexes":[{"name":"countries_localizations_links_fk","columns":["country_id"]},{"name":"countries_localizations_links_inv_fk","columns":["inv_country_id"]},{"name":"countries_localizations_links_unique","columns":["country_id","inv_country_id"],"type":"unique"},{"name":"countries_localizations_links_order_fk","columns":["country_order"]}],"foreignKeys":[{"name":"countries_localizations_links_fk","columns":["country_id"],"referencedColumns":["id"],"referencedTable":"countries","onDelete":"CASCADE"},{"name":"countries_localizations_links_inv_fk","columns":["inv_country_id"],"referencedColumns":["id"],"referencedTable":"countries","onDelete":"CASCADE"}],"columns":[{"name":"id","type":"increments","args":[{"primary":true,"primaryKey":true}],"defaultTo":null,"notNullable":true,"unsigned":false},{"name":"country_id","type":"integer","args":[],"defaultTo":null,"notNullable":false,"unsigned":true},{"name":"inv_country_id","type":"integer","args":[],"defaultTo":null,"notNullable":false,"unsigned":true},{"name":"country_order","type":"double","args":[],"defaultTo":null,"notNullable":false,"unsigned":true}]},{"name":"universal_quotes_localizations_links","indexes":[{"name":"universal_quotes_localizations_links_fk","columns":["universalquotes_id"]},{"name":"universal_quotes_localizations_links_inv_fk","columns":["inv_universalquotes_id"]},{"name":"universal_quotes_localizations_links_unique","columns":["universalquotes_id","inv_universalquotes_id"],"type":"unique"},{"name":"universal_quotes_localizations_links_order_fk","columns":["universalquotes_order"]}],"foreignKeys":[{"name":"universal_quotes_localizations_links_fk","columns":["universalquotes_id"],"referencedColumns":["id"],"referencedTable":"universal_quotes","onDelete":"CASCADE"},{"name":"universal_quotes_localizations_links_inv_fk","columns":["inv_universalquotes_id"],"referencedColumns":["id"],"referencedTable":"universal_quotes","onDelete":"CASCADE"}],"columns":[{"name":"id","type":"increments","args":[{"primary":true,"primaryKey":true}],"defaultTo":null,"notNullable":true,"unsigned":false},{"name":"universalquotes_id","type":"integer","args":[],"defaultTo":null,"notNullable":false,"unsigned":true},{"name":"inv_universalquotes_id","type":"integer","args":[],"defaultTo":null,"notNullable":false,"unsigned":true},{"name":"universalquotes_order","type":"double","args":[],"defaultTo":null,"notNullable":false,"unsigned":true}]}]}',1697990893920,'6d915bb56f8f09debcb188e470a59eff');
CREATE TABLE `strapi_core_store_settings` (`id` integer not null primary key autoincrement, `key` varchar(255) null, `value` text null, `type` varchar(255) null, `environment` varchar(255) null, `tag` varchar(255) null);
INSERT INTO strapi_core_store_settings VALUES(1,'strapi_content_types_schema','{"admin::permission":{"collectionName":"admin_permissions","info":{"name":"Permission","description":"","singularName":"permission","pluralName":"permissions","displayName":"Permission"},"options":{},"pluginOptions":{"content-manager":{"visible":false},"content-type-builder":{"visible":false}},"attributes":{"action":{"type":"string","minLength":1,"configurable":false,"required":true},"actionParameters":{"type":"json","configurable":false,"required":false,"default":{}},"subject":{"type":"string","minLength":1,"configurable":false,"required":false},"properties":{"type":"json","configurable":false,"required":false,"default":{}},"conditions":{"type":"json","configurable":false,"required":false,"default":[]},"role":{"configurable":false,"type":"relation","relation":"manyToOne","inversedBy":"permissions","target":"admin::role"},"createdAt":{"type":"datetime"},"updatedAt":{"type":"datetime"},"createdBy":{"type":"relation","relation":"oneToOne","target":"admin::user","configurable":false,"writable":false,"visible":false,"useJoinTable":false,"private":true},"updatedBy":{"type":"relation","relation":"oneToOne","target":"admin::user","configurable":false,"writable":false,"visible":false,"useJoinTable":false,"private":true}},"kind":"collectionType","__schema__":{"collectionName":"admin_permissions","info":{"name":"Permission","description":"","singularName":"permission","pluralName":"permissions","displayName":"Permission"},"options":{},"pluginOptions":{"content-manager":{"visible":false},"content-type-builder":{"visible":false}},"attributes":{"action":{"type":"string","minLength":1,"configurable":false,"required":true},"actionParameters":{"type":"json","configurable":false,"required":false,"default":{}},"subject":{"type":"string","minLength":1,"configurable":false,"required":false},"properties":{"type":"json","configurable":false,"required":false,"default":{}},"conditions":{"type":"json","configurable":false,"required":false,"default":[]},"role":{"configurable":false,"type":"relation","relation":"manyToOne","inversedBy":"permissions","target":"admin::role"}},"kind":"collectionType"},"modelType":"contentType","modelName":"permission","connection":"default","uid":"admin::permission","plugin":"admin","globalId":"AdminPermission"},"admin::user":{"collectionName":"admin_users","info":{"name":"User","description":"","singularName":"user","pluralName":"users","displayName":"User"},"pluginOptions":{"content-manager":{"visible":false},"content-type-builder":{"visible":false}},"attributes":{"firstname":{"type":"string","unique":false,"minLength":1,"configurable":false,"required":false},"lastname":{"type":"string","unique":false,"minLength":1,"configurable":false,"required":false},"username":{"type":"string","unique":false,"configurable":false,"required":false},"email":{"type":"email","minLength":6,"configurable":false,"required":true,"unique":true,"private":true},"password":{"type":"password","minLength":6,"configurable":false,"required":false,"private":true,"searchable":false},"resetPasswordToken":{"type":"string","configurable":false,"private":true,"searchable":false},"registrationToken":{"type":"string","configurable":false,"private":true,"searchable":false},"isActive":{"type":"boolean","default":false,"configurable":false,"private":true},"roles":{"configurable":false,"private":true,"type":"relation","relation":"manyToMany","inversedBy":"users","target":"admin::role","collectionName":"strapi_users_roles"},"blocked":{"type":"boolean","default":false,"configurable":false,"private":true},"preferedLanguage":{"type":"string","configurable":false,"required":false,"searchable":false},"createdAt":{"type":"datetime"},"updatedAt":{"type":"datetime"},"createdBy":{"type":"relation","relation":"oneToOne","target":"admin::user","configurable":false,"writable":false,"visible":false,"useJoinTable":false,"private":true},"updatedBy":{"type":"relation","relation":"oneToOne","target":"admin::user","configurable":false,"writable":false,"visible":false,"useJoinTable":false,"private":true}},"config":{"attributes":{"resetPasswordToken":{"hidden":true},"registrationToken":{"hidden":true}}},"kind":"collectionType","__schema__":{"collectionName":"admin_users","info":{"name":"User","description":"","singularName":"user","pluralName":"users","displayName":"User"},"pluginOptions":{"content-manager":{"visible":false},"content-type-builder":{"visible":false}},"attributes":{"firstname":{"type":"string","unique":false,"minLength":1,"configurable":false,"required":false},"lastname":{"type":"string","unique":false,"minLength":1,"configurable":false,"required":false},"username":{"type":"string","unique":false,"configurable":false,"required":false},"email":{"type":"email","minLength":6,"configurable":false,"required":true,"unique":true,"private":true},"password":{"type":"password","minLength":6,"configurable":false,"required":false,"private":true,"searchable":false},"resetPasswordToken":{"type":"string","configurable":false,"private":true,"searchable":false},"registrationToken":{"type":"string","configurable":false,"private":true,"searchable":false},"isActive":{"type":"boolean","default":false,"configurable":false,"private":true},"roles":{"configurable":false,"private":true,"type":"relation","relation":"manyToMany","inversedBy":"users","target":"admin::role","collectionName":"strapi_users_roles"},"blocked":{"type":"boolean","default":false,"configurable":false,"private":true},"preferedLanguage":{"type":"string","configurable":false,"required":false,"searchable":false}},"kind":"collectionType"},"modelType":"contentType","modelName":"user","connection":"default","uid":"admin::user","plugin":"admin","globalId":"AdminUser"},"admin::role":{"collectionName":"admin_roles","info":{"name":"Role","description":"","singularName":"role","pluralName":"roles","displayName":"Role"},"options":{},"pluginOptions":{"content-manager":{"visible":false},"content-type-builder":{"visible":false}},"attributes":{"name":{"type":"string","minLength":1,"unique":true,"configurable":false,"required":true},"code":{"type":"string","minLength":1,"unique":true,"configurable":false,"required":true},"description":{"type":"string","configurable":false},"users":{"configurable":false,"type":"relation","relation":"manyToMany","mappedBy":"roles","target":"admin::user"},"permissions":{"configurable":false,"type":"relation","relation":"oneToMany","mappedBy":"role","target":"admin::permission"},"createdAt":{"type":"datetime"},"updatedAt":{"type":"datetime"},"createdBy":{"type":"relation","relation":"oneToOne","target":"admin::user","configurable":false,"writable":false,"visible":false,"useJoinTable":false,"private":true},"updatedBy":{"type":"relation","relation":"oneToOne","target":"admin::user","configurable":false,"writable":false,"visible":false,"useJoinTable":false,"private":true}},"kind":"collectionType","__schema__":{"collectionName":"admin_roles","info":{"name":"Role","description":"","singularName":"role","pluralName":"roles","displayName":"Role"},"options":{},"pluginOptions":{"content-manager":{"visible":false},"content-type-builder":{"visible":false}},"attributes":{"name":{"type":"string","minLength":1,"unique":true,"configurable":false,"required":true},"code":{"type":"string","minLength":1,"unique":true,"configurable":false,"required":true},"description":{"type":"string","configurable":false},"users":{"configurable":false,"type":"relation","relation":"manyToMany","mappedBy":"roles","target":"admin::user"},"permissions":{"configurable":false,"type":"relation","relation":"oneToMany","mappedBy":"role","target":"admin::permission"}},"kind":"collectionType"},"modelType":"contentType","modelName":"role","connection":"default","uid":"admin::role","plugin":"admin","globalId":"AdminRole"},"admin::api-token":{"collectionName":"strapi_api_tokens","info":{"name":"Api Token","singularName":"api-token","pluralName":"api-tokens","displayName":"Api Token","description":""},"options":{},"pluginOptions":{"content-manager":{"visible":false},"content-type-builder":{"visible":false}},"attributes":{"name":{"type":"string","minLength":1,"configurable":false,"required":true,"unique":true},"description":{"type":"string","minLength":1,"configurable":false,"required":false,"default":""},"type":{"type":"enumeration","enum":["read-only","full-access","custom"],"configurable":false,"required":true,"default":"read-only"},"accessKey":{"type":"string","minLength":1,"configurable":false,"required":true,"searchable":false},"lastUsedAt":{"type":"datetime","configurable":false,"required":false},"permissions":{"type":"relation","target":"admin::api-token-permission","relation":"oneToMany","mappedBy":"token","configurable":false,"required":false},"expiresAt":{"type":"datetime","configurable":false,"required":false},"lifespan":{"type":"biginteger","configurable":false,"required":false},"createdAt":{"type":"datetime"},"updatedAt":{"type":"datetime"},"createdBy":{"type":"relation","relation":"oneToOne","target":"admin::user","configurable":false,"writable":false,"visible":false,"useJoinTable":false,"private":true},"updatedBy":{"type":"relation","relation":"oneToOne","target":"admin::user","configurable":false,"writable":false,"visible":false,"useJoinTable":false,"private":true}},"kind":"collectionType","__schema__":{"collectionName":"strapi_api_tokens","info":{"name":"Api Token","singularName":"api-token","pluralName":"api-tokens","displayName":"Api Token","description":""},"options":{},"pluginOptions":{"content-manager":{"visible":false},"content-type-builder":{"visible":false}},"attributes":{"name":{"type":"string","minLength":1,"configurable":false,"required":true,"unique":true},"description":{"type":"string","minLength":1,"configurable":false,"required":false,"default":""},"type":{"type":"enumeration","enum":["read-only","full-access","custom"],"configurable":false,"required":true,"default":"read-only"},"accessKey":{"type":"string","minLength":1,"configurable":false,"required":true,"searchable":false},"lastUsedAt":{"type":"datetime","configurable":false,"required":false},"permissions":{"type":"relation","target":"admin::api-token-permission","relation":"oneToMany","mappedBy":"token","configurable":false,"required":false},"expiresAt":{"type":"datetime","configurable":false,"required":false},"lifespan":{"type":"biginteger","configurable":false,"required":false}},"kind":"collectionType"},"modelType":"contentType","modelName":"api-token","connection":"default","uid":"admin::api-token","plugin":"admin","globalId":"AdminApiToken"},"admin::api-token-permission":{"collectionName":"strapi_api_token_permissions","info":{"name":"API Token Permission","description":"","singularName":"api-token-permission","pluralName":"api-token-permissions","displayName":"API Token Permission"},"options":{},"pluginOptions":{"content-manager":{"visible":false},"content-type-builder":{"visible":false}},"attributes":{"action":{"type":"string","minLength":1,"configurable":false,"required":true},"token":{"configurable":false,"type":"relation","relation":"manyToOne","inversedBy":"permissions","target":"admin::api-token"},"createdAt":{"type":"datetime"},"updatedAt":{"type":"datetime"},"createdBy":{"type":"relation","relation":"oneToOne","target":"admin::user","configurable":false,"writable":false,"visible":false,"useJoinTable":false,"private":true},"updatedBy":{"type":"relation","relation":"oneToOne","target":"admin::user","configurable":false,"writable":false,"visible":false,"useJoinTable":false,"private":true}},"kind":"collectionType","__schema__":{"collectionName":"strapi_api_token_permissions","info":{"name":"API Token Permission","description":"","singularName":"api-token-permission","pluralName":"api-token-permissions","displayName":"API Token Permission"},"options":{},"pluginOptions":{"content-manager":{"visible":false},"content-type-builder":{"visible":false}},"attributes":{"action":{"type":"string","minLength":1,"configurable":false,"required":true},"token":{"configurable":false,"type":"relation","relation":"manyToOne","inversedBy":"permissions","target":"admin::api-token"}},"kind":"collectionType"},"modelType":"contentType","modelName":"api-token-permission","connection":"default","uid":"admin::api-token-permission","plugin":"admin","globalId":"AdminApiTokenPermission"},"admin::transfer-token":{"collectionName":"strapi_transfer_tokens","info":{"name":"Transfer Token","singularName":"transfer-token","pluralName":"transfer-tokens","displayName":"Transfer Token","description":""},"options":{},"pluginOptions":{"content-manager":{"visible":false},"content-type-builder":{"visible":false}},"attributes":{"name":{"type":"string","minLength":1,"configurable":false,"required":true,"unique":true},"description":{"type":"string","minLength":1,"configurable":false,"required":false,"default":""},"accessKey":{"type":"string","minLength":1,"configurable":false,"required":true},"lastUsedAt":{"type":"datetime","configurable":false,"required":false},"permissions":{"type":"relation","target":"admin::transfer-token-permission","relation":"oneToMany","mappedBy":"token","configurable":false,"required":false},"expiresAt":{"type":"datetime","configurable":false,"required":false},"lifespan":{"type":"biginteger","configurable":false,"required":false},"createdAt":{"type":"datetime"},"updatedAt":{"type":"datetime"},"createdBy":{"type":"relation","relation":"oneToOne","target":"admin::user","configurable":false,"writable":false,"visible":false,"useJoinTable":false,"private":true},"updatedBy":{"type":"relation","relation":"oneToOne","target":"admin::user","configurable":false,"writable":false,"visible":false,"useJoinTable":false,"private":true}},"kind":"collectionType","__schema__":{"collectionName":"strapi_transfer_tokens","info":{"name":"Transfer Token","singularName":"transfer-token","pluralName":"transfer-tokens","displayName":"Transfer Token","description":""},"options":{},"pluginOptions":{"content-manager":{"visible":false},"content-type-builder":{"visible":false}},"attributes":{"name":{"type":"string","minLength":1,"configurable":false,"required":true,"unique":true},"description":{"type":"string","minLength":1,"configurable":false,"required":false,"default":""},"accessKey":{"type":"string","minLength":1,"configurable":false,"required":true},"lastUsedAt":{"type":"datetime","configurable":false,"required":false},"permissions":{"type":"relation","target":"admin::transfer-token-permission","relation":"oneToMany","mappedBy":"token","configurable":false,"required":false},"expiresAt":{"type":"datetime","configurable":false,"required":false},"lifespan":{"type":"biginteger","configurable":false,"required":false}},"kind":"collectionType"},"modelType":"contentType","modelName":"transfer-token","connection":"default","uid":"admin::transfer-token","plugin":"admin","globalId":"AdminTransferToken"},"admin::transfer-token-permission":{"collectionName":"strapi_transfer_token_permissions","info":{"name":"Transfer Token Permission","description":"","singularName":"transfer-token-permission","pluralName":"transfer-token-permissions","displayName":"Transfer Token Permission"},"options":{},"pluginOptions":{"content-manager":{"visible":false},"content-type-builder":{"visible":false}},"attributes":{"action":{"type":"string","minLength":1,"configurable":false,"required":true},"token":{"configurable":false,"type":"relation","relation":"manyToOne","inversedBy":"permissions","target":"admin::transfer-token"},"createdAt":{"type":"datetime"},"updatedAt":{"type":"datetime"},"createdBy":{"type":"relation","relation":"oneToOne","target":"admin::user","configurable":false,"writable":false,"visible":false,"useJoinTable":false,"private":true},"updatedBy":{"type":"relation","relation":"oneToOne","target":"admin::user","configurable":false,"writable":false,"visible":false,"useJoinTable":false,"private":true}},"kind":"collectionType","__schema__":{"collectionName":"strapi_transfer_token_permissions","info":{"name":"Transfer Token Permission","description":"","singularName":"transfer-token-permission","pluralName":"transfer-token-permissions","displayName":"Transfer Token Permission"},"options":{},"pluginOptions":{"content-manager":{"visible":false},"content-type-builder":{"visible":false}},"attributes":{"action":{"type":"string","minLength":1,"configurable":false,"required":true},"token":{"configurable":false,"type":"relation","relation":"manyToOne","inversedBy":"permissions","target":"admin::transfer-token"}},"kind":"collectionType"},"modelType":"contentType","modelName":"transfer-token-permission","connection":"default","uid":"admin::transfer-token-permission","plugin":"admin","globalId":"AdminTransferTokenPermission"},"plugin::upload.file":{"collectionName":"files","info":{"singularName":"file","pluralName":"files","displayName":"File","description":""},"options":{},"pluginOptions":{"content-manager":{"visible":false},"content-type-builder":{"visible":false}},"attributes":{"name":{"type":"string","configurable":false,"required":true},"alternativeText":{"type":"string","configurable":false},"caption":{"type":"string","configurable":false},"width":{"type":"integer","configurable":false},"height":{"type":"integer","configurable":false},"formats":{"type":"json","configurable":false},"hash":{"type":"string","configurable":false,"required":true},"ext":{"type":"string","configurable":false},"mime":{"type":"string","configurable":false,"required":true},"size":{"type":"decimal","configurable":false,"required":true},"url":{"type":"string","configurable":false,"required":true},"previewUrl":{"type":"string","configurable":false},"provider":{"type":"string","configurable":false,"required":true},"provider_metadata":{"type":"json","configurable":false},"related":{"type":"relation","relation":"morphToMany","configurable":false},"folder":{"type":"relation","relation":"manyToOne","target":"plugin::upload.folder","inversedBy":"files","private":true},"folderPath":{"type":"string","min":1,"required":true,"private":true,"searchable":false},"createdAt":{"type":"datetime"},"updatedAt":{"type":"datetime"},"createdBy":{"type":"relation","relation":"oneToOne","target":"admin::user","configurable":false,"writable":false,"visible":false,"useJoinTable":false,"private":true},"updatedBy":{"type":"relation","relation":"oneToOne","target":"admin::user","configurable":false,"writable":false,"visible":false,"useJoinTable":false,"private":true}},"indexes":[{"name":"upload_files_folder_path_index","columns":["folder_path"],"type":null},{"name":"upload_files_created_at_index","columns":["created_at"],"type":null},{"name":"upload_files_updated_at_index","columns":["updated_at"],"type":null},{"name":"upload_files_name_index","columns":["name"],"type":null},{"name":"upload_files_size_index","columns":["size"],"type":null},{"name":"upload_files_ext_index","columns":["ext"],"type":null}],"kind":"collectionType","__schema__":{"collectionName":"files","info":{"singularName":"file","pluralName":"files","displayName":"File","description":""},"options":{},"pluginOptions":{"content-manager":{"visible":false},"content-type-builder":{"visible":false}},"attributes":{"name":{"type":"string","configurable":false,"required":true},"alternativeText":{"type":"string","configurable":false},"caption":{"type":"string","configurable":false},"width":{"type":"integer","configurable":false},"height":{"type":"integer","configurable":false},"formats":{"type":"json","configurable":false},"hash":{"type":"string","configurable":false,"required":true},"ext":{"type":"string","configurable":false},"mime":{"type":"string","configurable":false,"required":true},"size":{"type":"decimal","configurable":false,"required":true},"url":{"type":"string","configurable":false,"required":true},"previewUrl":{"type":"string","configurable":false},"provider":{"type":"string","configurable":false,"required":true},"provider_metadata":{"type":"json","configurable":false},"related":{"type":"relation","relation":"morphToMany","configurable":false},"folder":{"type":"relation","relation":"manyToOne","target":"plugin::upload.folder","inversedBy":"files","private":true},"folderPath":{"type":"string","min":1,"required":true,"private":true,"searchable":false}},"kind":"collectionType"},"modelType":"contentType","modelName":"file","connection":"default","uid":"plugin::upload.file","plugin":"upload","globalId":"UploadFile"},"plugin::upload.folder":{"collectionName":"upload_folders","info":{"singularName":"folder","pluralName":"folders","displayName":"Folder"},"options":{},"pluginOptions":{"content-manager":{"visible":false},"content-type-builder":{"visible":false}},"attributes":{"name":{"type":"string","min":1,"required":true},"pathId":{"type":"integer","unique":true,"required":true},"parent":{"type":"relation","relation":"manyToOne","target":"plugin::upload.folder","inversedBy":"children"},"children":{"type":"relation","relation":"oneToMany","target":"plugin::upload.folder","mappedBy":"parent"},"files":{"type":"relation","relation":"oneToMany","target":"plugin::upload.file","mappedBy":"folder"},"path":{"type":"string","min":1,"required":true},"createdAt":{"type":"datetime"},"updatedAt":{"type":"datetime"},"createdBy":{"type":"relation","relation":"oneToOne","target":"admin::user","configurable":false,"writable":false,"visible":false,"useJoinTable":false,"private":true},"updatedBy":{"type":"relation","relation":"oneToOne","target":"admin::user","configurable":false,"writable":false,"visible":false,"useJoinTable":false,"private":true}},"indexes":[{"name":"upload_folders_path_id_index","columns":["path_id"],"type":"unique"},{"name":"upload_folders_path_index","columns":["path"],"type":"unique"}],"kind":"collectionType","__schema__":{"collectionName":"upload_folders","info":{"singularName":"folder","pluralName":"folders","displayName":"Folder"},"options":{},"pluginOptions":{"content-manager":{"visible":false},"content-type-builder":{"visible":false}},"attributes":{"name":{"type":"string","min":1,"required":true},"pathId":{"type":"integer","unique":true,"required":true},"parent":{"type":"relation","relation":"manyToOne","target":"plugin::upload.folder","inversedBy":"children"},"children":{"type":"relation","relation":"oneToMany","target":"plugin::upload.folder","mappedBy":"parent"},"files":{"type":"relation","relation":"oneToMany","target":"plugin::upload.file","mappedBy":"folder"},"path":{"type":"string","min":1,"required":true}},"kind":"collectionType"},"modelType":"contentType","modelName":"folder","connection":"default","uid":"plugin::upload.folder","plugin":"upload","globalId":"UploadFolder"},"plugin::users-permissions.permission":{"collectionName":"up_permissions","info":{"name":"permission","description":"","singularName":"permission","pluralName":"permissions","displayName":"Permission"},"pluginOptions":{"content-manager":{"visible":false},"content-type-builder":{"visible":false}},"attributes":{"action":{"type":"string","required":true,"configurable":false},"role":{"type":"relation","relation":"manyToOne","target":"plugin::users-permissions.role","inversedBy":"permissions","configurable":false},"createdAt":{"type":"datetime"},"updatedAt":{"type":"datetime"},"createdBy":{"type":"relation","relation":"oneToOne","target":"admin::user","configurable":false,"writable":false,"visible":false,"useJoinTable":false,"private":true},"updatedBy":{"type":"relation","relation":"oneToOne","target":"admin::user","configurable":false,"writable":false,"visible":false,"useJoinTable":false,"private":true}},"kind":"collectionType","__schema__":{"collectionName":"up_permissions","info":{"name":"permission","description":"","singularName":"permission","pluralName":"permissions","displayName":"Permission"},"pluginOptions":{"content-manager":{"visible":false},"content-type-builder":{"visible":false}},"attributes":{"action":{"type":"string","required":true,"configurable":false},"role":{"type":"relation","relation":"manyToOne","target":"plugin::users-permissions.role","inversedBy":"permissions","configurable":false}},"kind":"collectionType"},"modelType":"contentType","modelName":"permission","connection":"default","uid":"plugin::users-permissions.permission","plugin":"users-permissions","globalId":"UsersPermissionsPermission"},"plugin::users-permissions.role":{"collectionName":"up_roles","info":{"name":"role","description":"","singularName":"role","pluralName":"roles","displayName":"Role"},"pluginOptions":{"content-manager":{"visible":false},"content-type-builder":{"visible":false}},"attributes":{"name":{"type":"string","minLength":3,"required":true,"configurable":false},"description":{"type":"string","configurable":false},"type":{"type":"string","unique":true,"configurable":false},"permissions":{"type":"relation","relation":"oneToMany","target":"plugin::users-permissions.permission","mappedBy":"role","configurable":false},"users":{"type":"relation","relation":"oneToMany","target":"plugin::users-permissions.user","mappedBy":"role","configurable":false},"createdAt":{"type":"datetime"},"updatedAt":{"type":"datetime"},"createdBy":{"type":"relation","relation":"oneToOne","target":"admin::user","configurable":false,"writable":false,"visible":false,"useJoinTable":false,"private":true},"updatedBy":{"type":"relation","relation":"oneToOne","target":"admin::user","configurable":false,"writable":false,"visible":false,"useJoinTable":false,"private":true}},"kind":"collectionType","__schema__":{"collectionName":"up_roles","info":{"name":"role","description":"","singularName":"role","pluralName":"roles","displayName":"Role"},"pluginOptions":{"content-manager":{"visible":false},"content-type-builder":{"visible":false}},"attributes":{"name":{"type":"string","minLength":3,"required":true,"configurable":false},"description":{"type":"string","configurable":false},"type":{"type":"string","unique":true,"configurable":false},"permissions":{"type":"relation","relation":"oneToMany","target":"plugin::users-permissions.permission","mappedBy":"role","configurable":false},"users":{"type":"relation","relation":"oneToMany","target":"plugin::users-permissions.user","mappedBy":"role","configurable":false}},"kind":"collectionType"},"modelType":"contentType","modelName":"role","connection":"default","uid":"plugin::users-permissions.role","plugin":"users-permissions","globalId":"UsersPermissionsRole"},"plugin::users-permissions.user":{"collectionName":"up_users","info":{"name":"user","description":"","singularName":"user","pluralName":"users","displayName":"User"},"options":{"draftAndPublish":false,"timestamps":true},"attributes":{"username":{"type":"string","minLength":3,"unique":true,"configurable":false,"required":true},"email":{"type":"email","minLength":6,"configurable":false,"required":true},"provider":{"type":"string","configurable":false},"password":{"type":"password","minLength":6,"configurable":false,"private":true,"searchable":false},"resetPasswordToken":{"type":"string","configurable":false,"private":true,"searchable":false},"confirmationToken":{"type":"string","configurable":false,"private":true,"searchable":false},"confirmed":{"type":"boolean","default":false,"configurable":false},"blocked":{"type":"boolean","default":false,"configurable":false},"role":{"type":"relation","relation":"manyToOne","target":"plugin::users-permissions.role","inversedBy":"users","configurable":false},"createdAt":{"type":"datetime"},"updatedAt":{"type":"datetime"},"createdBy":{"type":"relation","relation":"oneToOne","target":"admin::user","configurable":false,"writable":false,"visible":false,"useJoinTable":false,"private":true},"updatedBy":{"type":"relation","relation":"oneToOne","target":"admin::user","configurable":false,"writable":false,"visible":false,"useJoinTable":false,"private":true}},"config":{"attributes":{"resetPasswordToken":{"hidden":true},"confirmationToken":{"hidden":true},"provider":{"hidden":true}}},"kind":"collectionType","__schema__":{"collectionName":"up_users","info":{"name":"user","description":"","singularName":"user","pluralName":"users","displayName":"User"},"options":{"draftAndPublish":false,"timestamps":true},"attributes":{"username":{"type":"string","minLength":3,"unique":true,"configurable":false,"required":true},"email":{"type":"email","minLength":6,"configurable":false,"required":true},"provider":{"type":"string","configurable":false},"password":{"type":"password","minLength":6,"configurable":false,"private":true,"searchable":false},"resetPasswordToken":{"type":"string","configurable":false,"private":true,"searchable":false},"confirmationToken":{"type":"string","configurable":false,"private":true,"searchable":false},"confirmed":{"type":"boolean","default":false,"configurable":false},"blocked":{"type":"boolean","default":false,"configurable":false},"role":{"type":"relation","relation":"manyToOne","target":"plugin::users-permissions.role","inversedBy":"users","configurable":false}},"kind":"collectionType"},"modelType":"contentType","modelName":"user","connection":"default","uid":"plugin::users-permissions.user","plugin":"users-permissions","globalId":"UsersPermissionsUser"},"plugin::i18n.locale":{"info":{"singularName":"locale","pluralName":"locales","collectionName":"locales","displayName":"Locale","description":""},"options":{"draftAndPublish":false},"pluginOptions":{"content-manager":{"visible":false},"content-type-builder":{"visible":false}},"attributes":{"name":{"type":"string","min":1,"max":50,"configurable":false},"code":{"type":"string","unique":true,"configurable":false},"createdAt":{"type":"datetime"},"updatedAt":{"type":"datetime"},"createdBy":{"type":"relation","relation":"oneToOne","target":"admin::user","configurable":false,"writable":false,"visible":false,"useJoinTable":false,"private":true},"updatedBy":{"type":"relation","relation":"oneToOne","target":"admin::user","configurable":false,"writable":false,"visible":false,"useJoinTable":false,"private":true}},"kind":"collectionType","__schema__":{"info":{"singularName":"locale","pluralName":"locales","collectionName":"locales","displayName":"Locale","description":""},"options":{"draftAndPublish":false},"pluginOptions":{"content-manager":{"visible":false},"content-type-builder":{"visible":false}},"attributes":{"name":{"type":"string","min":1,"max":50,"configurable":false},"code":{"type":"string","unique":true,"configurable":false}},"kind":"collectionType"},"modelType":"contentType","modelName":"locale","connection":"default","uid":"plugin::i18n.locale","plugin":"i18n","collectionName":"i18n_locale","globalId":"I18NLocale"},"api::articles.articles":{"kind":"collectionType","collectionName":"article","info":{"singularName":"articles","pluralName":"article","displayName":"Articles","description":""},"options":{"draftAndPublish":true},"pluginOptions":{"i18n":{"localized":true}},"attributes":{"title":{"pluginOptions":{"i18n":{"localized":true}},"type":"string","required":true},"date":{"pluginOptions":{"i18n":{"localized":true}},"type":"date","required":true},"content":{"pluginOptions":{"i18n":{"localized":true}},"type":"richtext"},"country":{"type":"relation","relation":"manyToOne","target":"api::country.country","inversedBy":"articles"},"covers":{"type":"media","multiple":true,"required":false,"allowedTypes":["images","files","videos","audios"],"pluginOptions":{"i18n":{"localized":true}}},"article_type":{"type":"relation","relation":"manyToOne","target":"api::type.type","inversedBy":"articles"},"createdAt":{"type":"datetime"},"updatedAt":{"type":"datetime"},"publishedAt":{"type":"datetime","configurable":false,"writable":true,"visible":false},"createdBy":{"type":"relation","relation":"oneToOne","target":"admin::user","configurable":false,"writable":false,"visible":false,"useJoinTable":false,"private":true},"updatedBy":{"type":"relation","relation":"oneToOne","target":"admin::user","configurable":false,"writable":false,"visible":false,"useJoinTable":false,"private":true},"localizations":{"writable":true,"private":false,"configurable":false,"visible":false,"type":"relation","relation":"oneToMany","target":"api::articles.articles"},"locale":{"writable":true,"private":false,"configurable":false,"visible":false,"type":"string"}},"__schema__":{"collectionName":"article","info":{"singularName":"articles","pluralName":"article","displayName":"Articles","description":""},"options":{"draftAndPublish":true},"pluginOptions":{"i18n":{"localized":true}},"attributes":{"title":{"pluginOptions":{"i18n":{"localized":true}},"type":"string","required":true},"date":{"pluginOptions":{"i18n":{"localized":true}},"type":"date","required":true},"content":{"pluginOptions":{"i18n":{"localized":true}},"type":"richtext"},"country":{"type":"relation","relation":"manyToOne","target":"api::country.country","inversedBy":"articles"},"covers":{"type":"media","multiple":true,"required":false,"allowedTypes":["images","files","videos","audios"],"pluginOptions":{"i18n":{"localized":true}}},"article_type":{"type":"relation","relation":"manyToOne","target":"api::type.type","inversedBy":"articles"}},"kind":"collectionType"},"modelType":"contentType","modelName":"articles","connection":"default","uid":"api::articles.articles","apiName":"articles","globalId":"Articles","actions":{},"lifecycles":{}},"api::continent.continent":{"kind":"collectionType","collectionName":"continents","info":{"singularName":"continent","pluralName":"continents","displayName":"Continent"},"options":{"draftAndPublish":true},"pluginOptions":{"i18n":{"localized":true}},"attributes":{"name":{"pluginOptions":{"i18n":{"localized":true}},"type":"string","unique":true,"required":true},"countries":{"type":"relation","relation":"oneToMany","target":"api::country.country","mappedBy":"continent"},"createdAt":{"type":"datetime"},"updatedAt":{"type":"datetime"},"publishedAt":{"type":"datetime","configurable":false,"writable":true,"visible":false},"createdBy":{"type":"relation","relation":"oneToOne","target":"admin::user","configurable":false,"writable":false,"visible":false,"useJoinTable":false,"private":true},"updatedBy":{"type":"relation","relation":"oneToOne","target":"admin::user","configurable":false,"writable":false,"visible":false,"useJoinTable":false,"private":true},"localizations":{"writable":true,"private":false,"configurable":false,"visible":false,"type":"relation","relation":"oneToMany","target":"api::continent.continent"},"locale":{"writable":true,"private":false,"configurable":false,"visible":false,"type":"string"}},"__schema__":{"collectionName":"continents","info":{"singularName":"continent","pluralName":"continents","displayName":"Continent"},"options":{"draftAndPublish":true},"pluginOptions":{"i18n":{"localized":true}},"attributes":{"name":{"pluginOptions":{"i18n":{"localized":true}},"type":"string","unique":true,"required":true},"countries":{"type":"relation","relation":"oneToMany","target":"api::country.country","mappedBy":"continent"}},"kind":"collectionType"},"modelType":"contentType","modelName":"continent","connection":"default","uid":"api::continent.continent","apiName":"continent","globalId":"Continent","actions":{},"lifecycles":{}},"api::country.country":{"kind":"collectionType","collectionName":"countries","info":{"singularName":"country","pluralName":"countries","displayName":"Country","description":""},"options":{"draftAndPublish":true},"pluginOptions":{"i18n":{"localized":true}},"attributes":{"name":{"pluginOptions":{"i18n":{"localized":true}},"type":"string","required":true,"unique":true},"continent":{"type":"relation","relation":"manyToOne","target":"api::continent.continent","inversedBy":"countries"},"articles":{"type":"relation","relation":"oneToMany","target":"api::articles.articles","mappedBy":"country"},"createdAt":{"type":"datetime"},"updatedAt":{"type":"datetime"},"publishedAt":{"type":"datetime","configurable":false,"writable":true,"visible":false},"createdBy":{"type":"relation","relation":"oneToOne","target":"admin::user","configurable":false,"writable":false,"visible":false,"useJoinTable":false,"private":true},"updatedBy":{"type":"relation","relation":"oneToOne","target":"admin::user","configurable":false,"writable":false,"visible":false,"useJoinTable":false,"private":true},"localizations":{"writable":true,"private":false,"configurable":false,"visible":false,"type":"relation","relation":"oneToMany","target":"api::country.country"},"locale":{"writable":true,"private":false,"configurable":false,"visible":false,"type":"string"}},"__schema__":{"collectionName":"countries","info":{"singularName":"country","pluralName":"countries","displayName":"Country","description":""},"options":{"draftAndPublish":true},"pluginOptions":{"i18n":{"localized":true}},"attributes":{"name":{"pluginOptions":{"i18n":{"localized":true}},"type":"string","required":true,"unique":true},"continent":{"type":"relation","relation":"manyToOne","target":"api::continent.continent","inversedBy":"countries"},"articles":{"type":"relation","relation":"oneToMany","target":"api::articles.articles","mappedBy":"country"}},"kind":"collectionType"},"modelType":"contentType","modelName":"country","connection":"default","uid":"api::country.country","apiName":"country","globalId":"Country","actions":{},"lifecycles":{}},"api::type.type":{"kind":"collectionType","collectionName":"types","info":{"singularName":"type","pluralName":"types","displayName":"article_type","description":""},"options":{"draftAndPublish":true},"pluginOptions":{},"attributes":{"article_type":{"type":"string","required":true,"unique":true},"articles":{"type":"relation","relation":"oneToMany","target":"api::articles.articles","mappedBy":"article_type"},"createdAt":{"type":"datetime"},"updatedAt":{"type":"datetime"},"publishedAt":{"type":"datetime","configurable":false,"writable":true,"visible":false},"createdBy":{"type":"relation","relation":"oneToOne","target":"admin::user","configurable":false,"writable":false,"visible":false,"useJoinTable":false,"private":true},"updatedBy":{"type":"relation","relation":"oneToOne","target":"admin::user","configurable":false,"writable":false,"visible":false,"useJoinTable":false,"private":true}},"__schema__":{"collectionName":"types","info":{"singularName":"type","pluralName":"types","displayName":"article_type","description":""},"options":{"draftAndPublish":true},"pluginOptions":{},"attributes":{"article_type":{"type":"string","required":true,"unique":true},"articles":{"type":"relation","relation":"oneToMany","target":"api::articles.articles","mappedBy":"article_type"}},"kind":"collectionType"},"modelType":"contentType","modelName":"type","connection":"default","uid":"api::type.type","apiName":"type","globalId":"Type","actions":{},"lifecycles":{}},"api::universalquotes.universalquotes":{"kind":"singleType","collectionName":"universal_quotes","info":{"singularName":"universalquotes","pluralName":"universal-quotes","displayName":"universal_quotes","description":""},"options":{"draftAndPublish":true},"pluginOptions":{"i18n":{"localized":true}},"attributes":{"sentence":{"pluginOptions":{"i18n":{"localized":true}},"type":"text","required":true},"date":{"pluginOptions":{"i18n":{"localized":true}},"type":"date","required":true},"country":{"pluginOptions":{"i18n":{"localized":true}},"type":"string","required":true},"city":{"pluginOptions":{"i18n":{"localized":true}},"type":"string"},"createdAt":{"type":"datetime"},"updatedAt":{"type":"datetime"},"publishedAt":{"type":"datetime","configurable":false,"writable":true,"visible":false},"createdBy":{"type":"relation","relation":"oneToOne","target":"admin::user","configurable":false,"writable":false,"visible":false,"useJoinTable":false,"private":true},"updatedBy":{"type":"relation","relation":"oneToOne","target":"admin::user","configurable":false,"writable":false,"visible":false,"useJoinTable":false,"private":true},"localizations":{"writable":true,"private":false,"configurable":false,"visible":false,"type":"relation","relation":"oneToMany","target":"api::universalquotes.universalquotes"},"locale":{"writable":true,"private":false,"configurable":false,"visible":false,"type":"string"}},"__schema__":{"collectionName":"universal_quotes","info":{"singularName":"universalquotes","pluralName":"universal-quotes","displayName":"universal_quotes","description":""},"options":{"draftAndPublish":true},"pluginOptions":{"i18n":{"localized":true}},"attributes":{"sentence":{"pluginOptions":{"i18n":{"localized":true}},"type":"text","required":true},"date":{"pluginOptions":{"i18n":{"localized":true}},"type":"date","required":true},"country":{"pluginOptions":{"i18n":{"localized":true}},"type":"string","required":true},"city":{"pluginOptions":{"i18n":{"localized":true}},"type":"string"}},"kind":"singleType"},"modelType":"contentType","modelName":"universalquotes","connection":"default","uid":"api::universalquotes.universalquotes","apiName":"universalquotes","globalId":"Universalquotes","actions":{},"lifecycles":{}}}','object',NULL,NULL);
INSERT INTO strapi_core_store_settings VALUES(2,'plugin_content_manager_configuration_content_types::admin::permission','{"uid":"admin::permission","settings":{"bulkable":true,"filterable":true,"searchable":true,"pageSize":10,"mainField":"action","defaultSortBy":"action","defaultSortOrder":"ASC"},"metadatas":{"id":{"edit":{},"list":{"label":"id","searchable":true,"sortable":true}},"action":{"edit":{"label":"action","description":"","placeholder":"","visible":true,"editable":true},"list":{"label":"action","searchable":true,"sortable":true}},"actionParameters":{"edit":{"label":"actionParameters","description":"","placeholder":"","visible":true,"editable":true},"list":{"label":"actionParameters","searchable":false,"sortable":false}},"subject":{"edit":{"label":"subject","description":"","placeholder":"","visible":true,"editable":true},"list":{"label":"subject","searchable":true,"sortable":true}},"properties":{"edit":{"label":"properties","description":"","placeholder":"","visible":true,"editable":true},"list":{"label":"properties","searchable":false,"sortable":false}},"conditions":{"edit":{"label":"conditions","description":"","placeholder":"","visible":true,"editable":true},"list":{"label":"conditions","searchable":false,"sortable":false}},"role":{"edit":{"label":"role","description":"","placeholder":"","visible":true,"editable":true,"mainField":"name"},"list":{"label":"role","searchable":true,"sortable":true}},"createdAt":{"edit":{"label":"createdAt","description":"","placeholder":"","visible":false,"editable":true},"list":{"label":"createdAt","searchable":true,"sortable":true}},"updatedAt":{"edit":{"label":"updatedAt","description":"","placeholder":"","visible":false,"editable":true},"list":{"label":"updatedAt","searchable":true,"sortable":true}},"createdBy":{"edit":{"label":"createdBy","description":"","placeholder":"","visible":false,"editable":true,"mainField":"firstname"},"list":{"label":"createdBy","searchable":true,"sortable":true}},"updatedBy":{"edit":{"label":"updatedBy","description":"","placeholder":"","visible":false,"editable":true,"mainField":"firstname"},"list":{"label":"updatedBy","searchable":true,"sortable":true}}},"layouts":{"list":["id","action","subject","role"],"edit":[[{"name":"action","size":6}],[{"name":"actionParameters","size":12}],[{"name":"subject","size":6}],[{"name":"properties","size":12}],[{"name":"conditions","size":12}],[{"name":"role","size":6}]]}}','object',NULL,NULL);
INSERT INTO strapi_core_store_settings VALUES(3,'plugin_content_manager_configuration_content_types::admin::user','{"uid":"admin::user","settings":{"bulkable":true,"filterable":true,"searchable":true,"pageSize":10,"mainField":"firstname","defaultSortBy":"firstname","defaultSortOrder":"ASC"},"metadatas":{"id":{"edit":{},"list":{"label":"id","searchable":true,"sortable":true}},"firstname":{"edit":{"label":"firstname","description":"","placeholder":"","visible":true,"editable":true},"list":{"label":"firstname","searchable":true,"sortable":true}},"lastname":{"edit":{"label":"lastname","description":"","placeholder":"","visible":true,"editable":true},"list":{"label":"lastname","searchable":true,"sortable":true}},"username":{"edit":{"label":"username","description":"","placeholder":"","visible":true,"editable":true},"list":{"label":"username","searchable":true,"sortable":true}},"email":{"edit":{"label":"email","description":"","placeholder":"","visible":true,"editable":true},"list":{"label":"email","searchable":true,"sortable":true}},"password":{"edit":{"label":"password","description":"","placeholder":"","visible":true,"editable":true},"list":{"label":"password","searchable":true,"sortable":true}},"resetPasswordToken":{"edit":{"label":"resetPasswordToken","description":"","placeholder":"","visible":false,"editable":true},"list":{"label":"resetPasswordToken","searchable":true,"sortable":true}},"registrationToken":{"edit":{"label":"registrationToken","description":"","placeholder":"","visible":false,"editable":true},"list":{"label":"registrationToken","searchable":true,"sortable":true}},"isActive":{"edit":{"label":"isActive","description":"","placeholder":"","visible":true,"editable":true},"list":{"label":"isActive","searchable":true,"sortable":true}},"roles":{"edit":{"label":"roles","description":"","placeholder":"","visible":true,"editable":true,"mainField":"name"},"list":{"label":"roles","searchable":false,"sortable":false}},"blocked":{"edit":{"label":"blocked","description":"","placeholder":"","visible":true,"editable":true},"list":{"label":"blocked","searchable":true,"sortable":true}},"preferedLanguage":{"edit":{"label":"preferedLanguage","description":"","placeholder":"","visible":true,"editable":true},"list":{"label":"preferedLanguage","searchable":true,"sortable":true}},"createdAt":{"edit":{"label":"createdAt","description":"","placeholder":"","visible":false,"editable":true},"list":{"label":"createdAt","searchable":true,"sortable":true}},"updatedAt":{"edit":{"label":"updatedAt","description":"","placeholder":"","visible":false,"editable":true},"list":{"label":"updatedAt","searchable":true,"sortable":true}},"createdBy":{"edit":{"label":"createdBy","description":"","placeholder":"","visible":false,"editable":true,"mainField":"firstname"},"list":{"label":"createdBy","searchable":true,"sortable":true}},"updatedBy":{"edit":{"label":"updatedBy","description":"","placeholder":"","visible":false,"editable":true,"mainField":"firstname"},"list":{"label":"updatedBy","searchable":true,"sortable":true}}},"layouts":{"list":["id","firstname","lastname","username"],"edit":[[{"name":"firstname","size":6},{"name":"lastname","size":6}],[{"name":"username","size":6},{"name":"email","size":6}],[{"name":"password","size":6},{"name":"isActive","size":4}],[{"name":"roles","size":6},{"name":"blocked","size":4}],[{"name":"preferedLanguage","size":6}]]}}','object',NULL,NULL);
INSERT INTO strapi_core_store_settings VALUES(4,'plugin_content_manager_configuration_content_types::admin::role','{"uid":"admin::role","settings":{"bulkable":true,"filterable":true,"searchable":true,"pageSize":10,"mainField":"name","defaultSortBy":"name","defaultSortOrder":"ASC"},"metadatas":{"id":{"edit":{},"list":{"label":"id","searchable":true,"sortable":true}},"name":{"edit":{"label":"name","description":"","placeholder":"","visible":true,"editable":true},"list":{"label":"name","searchable":true,"sortable":true}},"code":{"edit":{"label":"code","description":"","placeholder":"","visible":true,"editable":true},"list":{"label":"code","searchable":true,"sortable":true}},"description":{"edit":{"label":"description","description":"","placeholder":"","visible":true,"editable":true},"list":{"label":"description","searchable":true,"sortable":true}},"users":{"edit":{"label":"users","description":"","placeholder":"","visible":true,"editable":true,"mainField":"firstname"},"list":{"label":"users","searchable":false,"sortable":false}},"permissions":{"edit":{"label":"permissions","description":"","placeholder":"","visible":true,"editable":true,"mainField":"action"},"list":{"label":"permissions","searchable":false,"sortable":false}},"createdAt":{"edit":{"label":"createdAt","description":"","placeholder":"","visible":false,"editable":true},"list":{"label":"createdAt","searchable":true,"sortable":true}},"updatedAt":{"edit":{"label":"updatedAt","description":"","placeholder":"","visible":false,"editable":true},"list":{"label":"updatedAt","searchable":true,"sortable":true}},"createdBy":{"edit":{"label":"createdBy","description":"","placeholder":"","visible":false,"editable":true,"mainField":"firstname"},"list":{"label":"createdBy","searchable":true,"sortable":true}},"updatedBy":{"edit":{"label":"updatedBy","description":"","placeholder":"","visible":false,"editable":true,"mainField":"firstname"},"list":{"label":"updatedBy","searchable":true,"sortable":true}}},"layouts":{"list":["id","name","code","description"],"edit":[[{"name":"name","size":6},{"name":"code","size":6}],[{"name":"description","size":6},{"name":"users","size":6}],[{"name":"permissions","size":6}]]}}','object',NULL,NULL);
INSERT INTO strapi_core_store_settings VALUES(5,'plugin_content_manager_configuration_content_types::admin::api-token','{"uid":"admin::api-token","settings":{"bulkable":true,"filterable":true,"searchable":true,"pageSize":10,"mainField":"name","defaultSortBy":"name","defaultSortOrder":"ASC"},"metadatas":{"id":{"edit":{},"list":{"label":"id","searchable":true,"sortable":true}},"name":{"edit":{"label":"name","description":"","placeholder":"","visible":true,"editable":true},"list":{"label":"name","searchable":true,"sortable":true}},"description":{"edit":{"label":"description","description":"","placeholder":"","visible":true,"editable":true},"list":{"label":"description","searchable":true,"sortable":true}},"type":{"edit":{"label":"type","description":"","placeholder":"","visible":true,"editable":true},"list":{"label":"type","searchable":true,"sortable":true}},"accessKey":{"edit":{"label":"accessKey","description":"","placeholder":"","visible":true,"editable":true},"list":{"label":"accessKey","searchable":true,"sortable":true}},"lastUsedAt":{"edit":{"label":"lastUsedAt","description":"","placeholder":"","visible":true,"editable":true},"list":{"label":"lastUsedAt","searchable":true,"sortable":true}},"permissions":{"edit":{"label":"permissions","description":"","placeholder":"","visible":true,"editable":true,"mainField":"action"},"list":{"label":"permissions","searchable":false,"sortable":false}},"expiresAt":{"edit":{"label":"expiresAt","description":"","placeholder":"","visible":true,"editable":true},"list":{"label":"expiresAt","searchable":true,"sortable":true}},"lifespan":{"edit":{"label":"lifespan","description":"","placeholder":"","visible":true,"editable":true},"list":{"label":"lifespan","searchable":true,"sortable":true}},"createdAt":{"edit":{"label":"createdAt","description":"","placeholder":"","visible":false,"editable":true},"list":{"label":"createdAt","searchable":true,"sortable":true}},"updatedAt":{"edit":{"label":"updatedAt","description":"","placeholder":"","visible":false,"editable":true},"list":{"label":"updatedAt","searchable":true,"sortable":true}},"createdBy":{"edit":{"label":"createdBy","description":"","placeholder":"","visible":false,"editable":true,"mainField":"firstname"},"list":{"label":"createdBy","searchable":true,"sortable":true}},"updatedBy":{"edit":{"label":"updatedBy","description":"","placeholder":"","visible":false,"editable":true,"mainField":"firstname"},"list":{"label":"updatedBy","searchable":true,"sortable":true}}},"layouts":{"list":["id","name","description","type"],"edit":[[{"name":"name","size":6},{"name":"description","size":6}],[{"name":"type","size":6},{"name":"accessKey","size":6}],[{"name":"lastUsedAt","size":6},{"name":"permissions","size":6}],[{"name":"expiresAt","size":6},{"name":"lifespan","size":4}]]}}','object',NULL,NULL);
INSERT INTO strapi_core_store_settings VALUES(6,'plugin_content_manager_configuration_content_types::admin::api-token-permission','{"uid":"admin::api-token-permission","settings":{"bulkable":true,"filterable":true,"searchable":true,"pageSize":10,"mainField":"action","defaultSortBy":"action","defaultSortOrder":"ASC"},"metadatas":{"id":{"edit":{},"list":{"label":"id","searchable":true,"sortable":true}},"action":{"edit":{"label":"action","description":"","placeholder":"","visible":true,"editable":true},"list":{"label":"action","searchable":true,"sortable":true}},"token":{"edit":{"label":"token","description":"","placeholder":"","visible":true,"editable":true,"mainField":"name"},"list":{"label":"token","searchable":true,"sortable":true}},"createdAt":{"edit":{"label":"createdAt","description":"","placeholder":"","visible":false,"editable":true},"list":{"label":"createdAt","searchable":true,"sortable":true}},"updatedAt":{"edit":{"label":"updatedAt","description":"","placeholder":"","visible":false,"editable":true},"list":{"label":"updatedAt","searchable":true,"sortable":true}},"createdBy":{"edit":{"label":"createdBy","description":"","placeholder":"","visible":false,"editable":true,"mainField":"firstname"},"list":{"label":"createdBy","searchable":true,"sortable":true}},"updatedBy":{"edit":{"label":"updatedBy","description":"","placeholder":"","visible":false,"editable":true,"mainField":"firstname"},"list":{"label":"updatedBy","searchable":true,"sortable":true}}},"layouts":{"list":["id","action","token","createdAt"],"edit":[[{"name":"action","size":6},{"name":"token","size":6}]]}}','object',NULL,NULL);
INSERT INTO strapi_core_store_settings VALUES(7,'plugin_content_manager_configuration_content_types::admin::transfer-token','{"uid":"admin::transfer-token","settings":{"bulkable":true,"filterable":true,"searchable":true,"pageSize":10,"mainField":"name","defaultSortBy":"name","defaultSortOrder":"ASC"},"metadatas":{"id":{"edit":{},"list":{"label":"id","searchable":true,"sortable":true}},"name":{"edit":{"label":"name","description":"","placeholder":"","visible":true,"editable":true},"list":{"label":"name","searchable":true,"sortable":true}},"description":{"edit":{"label":"description","description":"","placeholder":"","visible":true,"editable":true},"list":{"label":"description","searchable":true,"sortable":true}},"accessKey":{"edit":{"label":"accessKey","description":"","placeholder":"","visible":true,"editable":true},"list":{"label":"accessKey","searchable":true,"sortable":true}},"lastUsedAt":{"edit":{"label":"lastUsedAt","description":"","placeholder":"","visible":true,"editable":true},"list":{"label":"lastUsedAt","searchable":true,"sortable":true}},"permissions":{"edit":{"label":"permissions","description":"","placeholder":"","visible":true,"editable":true,"mainField":"action"},"list":{"label":"permissions","searchable":false,"sortable":false}},"expiresAt":{"edit":{"label":"expiresAt","description":"","placeholder":"","visible":true,"editable":true},"list":{"label":"expiresAt","searchable":true,"sortable":true}},"lifespan":{"edit":{"label":"lifespan","description":"","placeholder":"","visible":true,"editable":true},"list":{"label":"lifespan","searchable":true,"sortable":true}},"createdAt":{"edit":{"label":"createdAt","description":"","placeholder":"","visible":false,"editable":true},"list":{"label":"createdAt","searchable":true,"sortable":true}},"updatedAt":{"edit":{"label":"updatedAt","description":"","placeholder":"","visible":false,"editable":true},"list":{"label":"updatedAt","searchable":true,"sortable":true}},"createdBy":{"edit":{"label":"createdBy","description":"","placeholder":"","visible":false,"editable":true,"mainField":"firstname"},"list":{"label":"createdBy","searchable":true,"sortable":true}},"updatedBy":{"edit":{"label":"updatedBy","description":"","placeholder":"","visible":false,"editable":true,"mainField":"firstname"},"list":{"label":"updatedBy","searchable":true,"sortable":true}}},"layouts":{"list":["id","name","description","accessKey"],"edit":[[{"name":"name","size":6},{"name":"description","size":6}],[{"name":"accessKey","size":6},{"name":"lastUsedAt","size":6}],[{"name":"permissions","size":6},{"name":"expiresAt","size":6}],[{"name":"lifespan","size":4}]]}}','object',NULL,NULL);
INSERT INTO strapi_core_store_settings VALUES(8,'plugin_content_manager_configuration_content_types::admin::transfer-token-permission','{"uid":"admin::transfer-token-permission","settings":{"bulkable":true,"filterable":true,"searchable":true,"pageSize":10,"mainField":"action","defaultSortBy":"action","defaultSortOrder":"ASC"},"metadatas":{"id":{"edit":{},"list":{"label":"id","searchable":true,"sortable":true}},"action":{"edit":{"label":"action","description":"","placeholder":"","visible":true,"editable":true},"list":{"label":"action","searchable":true,"sortable":true}},"token":{"edit":{"label":"token","description":"","placeholder":"","visible":true,"editable":true,"mainField":"name"},"list":{"label":"token","searchable":true,"sortable":true}},"createdAt":{"edit":{"label":"createdAt","description":"","placeholder":"","visible":false,"editable":true},"list":{"label":"createdAt","searchable":true,"sortable":true}},"updatedAt":{"edit":{"label":"updatedAt","description":"","placeholder":"","visible":false,"editable":true},"list":{"label":"updatedAt","searchable":true,"sortable":true}},"createdBy":{"edit":{"label":"createdBy","description":"","placeholder":"","visible":false,"editable":true,"mainField":"firstname"},"list":{"label":"createdBy","searchable":true,"sortable":true}},"updatedBy":{"edit":{"label":"updatedBy","description":"","placeholder":"","visible":false,"editable":true,"mainField":"firstname"},"list":{"label":"updatedBy","searchable":true,"sortable":true}}},"layouts":{"list":["id","action","token","createdAt"],"edit":[[{"name":"action","size":6},{"name":"token","size":6}]]}}','object',NULL,NULL);
INSERT INTO strapi_core_store_settings VALUES(9,'plugin_content_manager_configuration_content_types::plugin::upload.file','{"uid":"plugin::upload.file","settings":{"bulkable":true,"filterable":true,"searchable":true,"pageSize":10,"mainField":"name","defaultSortBy":"name","defaultSortOrder":"ASC"},"metadatas":{"id":{"edit":{},"list":{"label":"id","searchable":true,"sortable":true}},"name":{"edit":{"label":"name","description":"","placeholder":"","visible":true,"editable":true},"list":{"label":"name","searchable":true,"sortable":true}},"alternativeText":{"edit":{"label":"alternativeText","description":"","placeholder":"","visible":true,"editable":true},"list":{"label":"alternativeText","searchable":true,"sortable":true}},"caption":{"edit":{"label":"caption","description":"","placeholder":"","visible":true,"editable":true},"list":{"label":"caption","searchable":true,"sortable":true}},"width":{"edit":{"label":"width","description":"","placeholder":"","visible":true,"editable":true},"list":{"label":"width","searchable":true,"sortable":true}},"height":{"edit":{"label":"height","description":"","placeholder":"","visible":true,"editable":true},"list":{"label":"height","searchable":true,"sortable":true}},"formats":{"edit":{"label":"formats","description":"","placeholder":"","visible":true,"editable":true},"list":{"label":"formats","searchable":false,"sortable":false}},"hash":{"edit":{"label":"hash","description":"","placeholder":"","visible":true,"editable":true},"list":{"label":"hash","searchable":true,"sortable":true}},"ext":{"edit":{"label":"ext","description":"","placeholder":"","visible":true,"editable":true},"list":{"label":"ext","searchable":true,"sortable":true}},"mime":{"edit":{"label":"mime","description":"","placeholder":"","visible":true,"editable":true},"list":{"label":"mime","searchable":true,"sortable":true}},"size":{"edit":{"label":"size","description":"","placeholder":"","visible":true,"editable":true},"list":{"label":"size","searchable":true,"sortable":true}},"url":{"edit":{"label":"url","description":"","placeholder":"","visible":true,"editable":true},"list":{"label":"url","searchable":true,"sortable":true}},"previewUrl":{"edit":{"label":"previewUrl","description":"","placeholder":"","visible":true,"editable":true},"list":{"label":"previewUrl","searchable":true,"sortable":true}},"provider":{"edit":{"label":"provider","description":"","placeholder":"","visible":true,"editable":true},"list":{"label":"provider","searchable":true,"sortable":true}},"provider_metadata":{"edit":{"label":"provider_metadata","description":"","placeholder":"","visible":true,"editable":true},"list":{"label":"provider_metadata","searchable":false,"sortable":false}},"folder":{"edit":{"label":"folder","description":"","placeholder":"","visible":true,"editable":true,"mainField":"name"},"list":{"label":"folder","searchable":true,"sortable":true}},"folderPath":{"edit":{"label":"folderPath","description":"","placeholder":"","visible":true,"editable":true},"list":{"label":"folderPath","searchable":true,"sortable":true}},"createdAt":{"edit":{"label":"createdAt","description":"","placeholder":"","visible":false,"editable":true},"list":{"label":"createdAt","searchable":true,"sortable":true}},"updatedAt":{"edit":{"label":"updatedAt","description":"","placeholder":"","visible":false,"editable":true},"list":{"label":"updatedAt","searchable":true,"sortable":true}},"createdBy":{"edit":{"label":"createdBy","description":"","placeholder":"","visible":false,"editable":true,"mainField":"firstname"},"list":{"label":"createdBy","searchable":true,"sortable":true}},"updatedBy":{"edit":{"label":"updatedBy","description":"","placeholder":"","visible":false,"editable":true,"mainField":"firstname"},"list":{"label":"updatedBy","searchable":true,"sortable":true}}},"layouts":{"list":["id","name","alternativeText","caption"],"edit":[[{"name":"name","size":6},{"name":"alternativeText","size":6}],[{"name":"caption","size":6},{"name":"width","size":4}],[{"name":"height","size":4}],[{"name":"formats","size":12}],[{"name":"hash","size":6},{"name":"ext","size":6}],[{"name":"mime","size":6},{"name":"size","size":4}],[{"name":"url","size":6},{"name":"previewUrl","size":6}],[{"name":"provider","size":6}],[{"name":"provider_metadata","size":12}],[{"name":"folder","size":6},{"name":"folderPath","size":6}]]}}','object',NULL,NULL);
INSERT INTO strapi_core_store_settings VALUES(10,'plugin_content_manager_configuration_content_types::plugin::upload.folder','{"uid":"plugin::upload.folder","settings":{"bulkable":true,"filterable":true,"searchable":true,"pageSize":10,"mainField":"name","defaultSortBy":"name","defaultSortOrder":"ASC"},"metadatas":{"id":{"edit":{},"list":{"label":"id","searchable":true,"sortable":true}},"name":{"edit":{"label":"name","description":"","placeholder":"","visible":true,"editable":true},"list":{"label":"name","searchable":true,"sortable":true}},"pathId":{"edit":{"label":"pathId","description":"","placeholder":"","visible":true,"editable":true},"list":{"label":"pathId","searchable":true,"sortable":true}},"parent":{"edit":{"label":"parent","description":"","placeholder":"","visible":true,"editable":true,"mainField":"name"},"list":{"label":"parent","searchable":true,"sortable":true}},"children":{"edit":{"label":"children","description":"","placeholder":"","visible":true,"editable":true,"mainField":"name"},"list":{"label":"children","searchable":false,"sortable":false}},"files":{"edit":{"label":"files","description":"","placeholder":"","visible":true,"editable":true,"mainField":"name"},"list":{"label":"files","searchable":false,"sortable":false}},"path":{"edit":{"label":"path","description":"","placeholder":"","visible":true,"editable":true},"list":{"label":"path","searchable":true,"sortable":true}},"createdAt":{"edit":{"label":"createdAt","description":"","placeholder":"","visible":false,"editable":true},"list":{"label":"createdAt","searchable":true,"sortable":true}},"updatedAt":{"edit":{"label":"updatedAt","description":"","placeholder":"","visible":false,"editable":true},"list":{"label":"updatedAt","searchable":true,"sortable":true}},"createdBy":{"edit":{"label":"createdBy","description":"","placeholder":"","visible":false,"editable":true,"mainField":"firstname"},"list":{"label":"createdBy","searchable":true,"sortable":true}},"updatedBy":{"edit":{"label":"updatedBy","description":"","placeholder":"","visible":false,"editable":true,"mainField":"firstname"},"list":{"label":"updatedBy","searchable":true,"sortable":true}}},"layouts":{"list":["id","name","pathId","parent"],"edit":[[{"name":"name","size":6},{"name":"pathId","size":4}],[{"name":"parent","size":6},{"name":"children","size":6}],[{"name":"files","size":6},{"name":"path","size":6}]]}}','object',NULL,NULL);
INSERT INTO strapi_core_store_settings VALUES(11,'plugin_content_manager_configuration_content_types::plugin::users-permissions.permission','{"uid":"plugin::users-permissions.permission","settings":{"bulkable":true,"filterable":true,"searchable":true,"pageSize":10,"mainField":"action","defaultSortBy":"action","defaultSortOrder":"ASC"},"metadatas":{"id":{"edit":{},"list":{"label":"id","searchable":true,"sortable":true}},"action":{"edit":{"label":"action","description":"","placeholder":"","visible":true,"editable":true},"list":{"label":"action","searchable":true,"sortable":true}},"role":{"edit":{"label":"role","description":"","placeholder":"","visible":true,"editable":true,"mainField":"name"},"list":{"label":"role","searchable":true,"sortable":true}},"createdAt":{"edit":{"label":"createdAt","description":"","placeholder":"","visible":false,"editable":true},"list":{"label":"createdAt","searchable":true,"sortable":true}},"updatedAt":{"edit":{"label":"updatedAt","description":"","placeholder":"","visible":false,"editable":true},"list":{"label":"updatedAt","searchable":true,"sortable":true}},"createdBy":{"edit":{"label":"createdBy","description":"","placeholder":"","visible":false,"editable":true,"mainField":"firstname"},"list":{"label":"createdBy","searchable":true,"sortable":true}},"updatedBy":{"edit":{"label":"updatedBy","description":"","placeholder":"","visible":false,"editable":true,"mainField":"firstname"},"list":{"label":"updatedBy","searchable":true,"sortable":true}}},"layouts":{"list":["id","action","role","createdAt"],"edit":[[{"name":"action","size":6},{"name":"role","size":6}]]}}','object',NULL,NULL);
INSERT INTO strapi_core_store_settings VALUES(12,'plugin_content_manager_configuration_content_types::plugin::users-permissions.role','{"uid":"plugin::users-permissions.role","settings":{"bulkable":true,"filterable":true,"searchable":true,"pageSize":10,"mainField":"name","defaultSortBy":"name","defaultSortOrder":"ASC"},"metadatas":{"id":{"edit":{},"list":{"label":"id","searchable":true,"sortable":true}},"name":{"edit":{"label":"name","description":"","placeholder":"","visible":true,"editable":true},"list":{"label":"name","searchable":true,"sortable":true}},"description":{"edit":{"label":"description","description":"","placeholder":"","visible":true,"editable":true},"list":{"label":"description","searchable":true,"sortable":true}},"type":{"edit":{"label":"type","description":"","placeholder":"","visible":true,"editable":true},"list":{"label":"type","searchable":true,"sortable":true}},"permissions":{"edit":{"label":"permissions","description":"","placeholder":"","visible":true,"editable":true,"mainField":"action"},"list":{"label":"permissions","searchable":false,"sortable":false}},"users":{"edit":{"label":"users","description":"","placeholder":"","visible":true,"editable":true,"mainField":"username"},"list":{"label":"users","searchable":false,"sortable":false}},"createdAt":{"edit":{"label":"createdAt","description":"","placeholder":"","visible":false,"editable":true},"list":{"label":"createdAt","searchable":true,"sortable":true}},"updatedAt":{"edit":{"label":"updatedAt","description":"","placeholder":"","visible":false,"editable":true},"list":{"label":"updatedAt","searchable":true,"sortable":true}},"createdBy":{"edit":{"label":"createdBy","description":"","placeholder":"","visible":false,"editable":true,"mainField":"firstname"},"list":{"label":"createdBy","searchable":true,"sortable":true}},"updatedBy":{"edit":{"label":"updatedBy","description":"","placeholder":"","visible":false,"editable":true,"mainField":"firstname"},"list":{"label":"updatedBy","searchable":true,"sortable":true}}},"layouts":{"list":["id","name","description","type"],"edit":[[{"name":"name","size":6},{"name":"description","size":6}],[{"name":"type","size":6},{"name":"permissions","size":6}],[{"name":"users","size":6}]]}}','object',NULL,NULL);
INSERT INTO strapi_core_store_settings VALUES(13,'plugin_content_manager_configuration_content_types::plugin::users-permissions.user','{"uid":"plugin::users-permissions.user","settings":{"bulkable":true,"filterable":true,"searchable":true,"pageSize":10,"mainField":"username","defaultSortBy":"username","defaultSortOrder":"ASC"},"metadatas":{"id":{"edit":{},"list":{"label":"id","searchable":true,"sortable":true}},"username":{"edit":{"label":"username","description":"","placeholder":"","visible":true,"editable":true},"list":{"label":"username","searchable":true,"sortable":true}},"email":{"edit":{"label":"email","description":"","placeholder":"","visible":true,"editable":true},"list":{"label":"email","searchable":true,"sortable":true}},"provider":{"edit":{"label":"provider","description":"","placeholder":"","visible":false,"editable":true},"list":{"label":"provider","searchable":true,"sortable":true}},"password":{"edit":{"label":"password","description":"","placeholder":"","visible":true,"editable":true},"list":{"label":"password","searchable":true,"sortable":true}},"resetPasswordToken":{"edit":{"label":"resetPasswordToken","description":"","placeholder":"","visible":false,"editable":true},"list":{"label":"resetPasswordToken","searchable":true,"sortable":true}},"confirmationToken":{"edit":{"label":"confirmationToken","description":"","placeholder":"","visible":false,"editable":true},"list":{"label":"confirmationToken","searchable":true,"sortable":true}},"confirmed":{"edit":{"label":"confirmed","description":"","placeholder":"","visible":true,"editable":true},"list":{"label":"confirmed","searchable":true,"sortable":true}},"blocked":{"edit":{"label":"blocked","description":"","placeholder":"","visible":true,"editable":true},"list":{"label":"blocked","searchable":true,"sortable":true}},"role":{"edit":{"label":"role","description":"","placeholder":"","visible":true,"editable":true,"mainField":"name"},"list":{"label":"role","searchable":true,"sortable":true}},"createdAt":{"edit":{"label":"createdAt","description":"","placeholder":"","visible":false,"editable":true},"list":{"label":"createdAt","searchable":true,"sortable":true}},"updatedAt":{"edit":{"label":"updatedAt","description":"","placeholder":"","visible":false,"editable":true},"list":{"label":"updatedAt","searchable":true,"sortable":true}},"createdBy":{"edit":{"label":"createdBy","description":"","placeholder":"","visible":false,"editable":true,"mainField":"firstname"},"list":{"label":"createdBy","searchable":true,"sortable":true}},"updatedBy":{"edit":{"label":"updatedBy","description":"","placeholder":"","visible":false,"editable":true,"mainField":"firstname"},"list":{"label":"updatedBy","searchable":true,"sortable":true}}},"layouts":{"list":["id","username","email","confirmed"],"edit":[[{"name":"username","size":6},{"name":"email","size":6}],[{"name":"password","size":6},{"name":"confirmed","size":4}],[{"name":"blocked","size":4},{"name":"role","size":6}]]}}','object',NULL,NULL);
INSERT INTO strapi_core_store_settings VALUES(14,'plugin_content_manager_configuration_content_types::plugin::i18n.locale','{"uid":"plugin::i18n.locale","settings":{"bulkable":true,"filterable":true,"searchable":true,"pageSize":10,"mainField":"name","defaultSortBy":"name","defaultSortOrder":"ASC"},"metadatas":{"id":{"edit":{},"list":{"label":"id","searchable":true,"sortable":true}},"name":{"edit":{"label":"name","description":"","placeholder":"","visible":true,"editable":true},"list":{"label":"name","searchable":true,"sortable":true}},"code":{"edit":{"label":"code","description":"","placeholder":"","visible":true,"editable":true},"list":{"label":"code","searchable":true,"sortable":true}},"createdAt":{"edit":{"label":"createdAt","description":"","placeholder":"","visible":false,"editable":true},"list":{"label":"createdAt","searchable":true,"sortable":true}},"updatedAt":{"edit":{"label":"updatedAt","description":"","placeholder":"","visible":false,"editable":true},"list":{"label":"updatedAt","searchable":true,"sortable":true}},"createdBy":{"edit":{"label":"createdBy","description":"","placeholder":"","visible":false,"editable":true,"mainField":"firstname"},"list":{"label":"createdBy","searchable":true,"sortable":true}},"updatedBy":{"edit":{"label":"updatedBy","description":"","placeholder":"","visible":false,"editable":true,"mainField":"firstname"},"list":{"label":"updatedBy","searchable":true,"sortable":true}}},"layouts":{"list":["id","name","code","createdAt"],"edit":[[{"name":"name","size":6},{"name":"code","size":6}]]}}','object',NULL,NULL);
INSERT INTO strapi_core_store_settings VALUES(15,'plugin_upload_settings','{"sizeOptimization":true,"responsiveDimensions":true,"autoOrientation":false}','object',NULL,NULL);
INSERT INTO strapi_core_store_settings VALUES(16,'plugin_upload_view_configuration','{"pageSize":10,"sort":"createdAt:DESC"}','object',NULL,NULL);
INSERT INTO strapi_core_store_settings VALUES(17,'plugin_upload_metrics','{"weeklySchedule":"54 35 22 * * 0","lastWeeklyUpdate":1697985354026}','object',NULL,NULL);
INSERT INTO strapi_core_store_settings VALUES(18,'plugin_users-permissions_grant','{"email":{"enabled":true,"icon":"envelope"},"discord":{"enabled":false,"icon":"discord","key":"","secret":"","callback":"api/auth/discord/callback","scope":["identify","email"]},"facebook":{"enabled":false,"icon":"facebook-square","key":"","secret":"","callback":"api/auth/facebook/callback","scope":["email"]},"google":{"enabled":false,"icon":"google","key":"","secret":"","callback":"api/auth/google/callback","scope":["email"]},"github":{"enabled":false,"icon":"github","key":"","secret":"","callback":"api/auth/github/callback","scope":["user","user:email"]},"microsoft":{"enabled":false,"icon":"windows","key":"","secret":"","callback":"api/auth/microsoft/callback","scope":["user.read"]},"twitter":{"enabled":false,"icon":"twitter","key":"","secret":"","callback":"api/auth/twitter/callback"},"instagram":{"enabled":false,"icon":"instagram","key":"","secret":"","callback":"api/auth/instagram/callback","scope":["user_profile"]},"vk":{"enabled":false,"icon":"vk","key":"","secret":"","callback":"api/auth/vk/callback","scope":["email"]},"twitch":{"enabled":false,"icon":"twitch","key":"","secret":"","callback":"api/auth/twitch/callback","scope":["user:read:email"]},"linkedin":{"enabled":false,"icon":"linkedin","key":"","secret":"","callback":"api/auth/linkedin/callback","scope":["r_liteprofile","r_emailaddress"]},"cognito":{"enabled":false,"icon":"aws","key":"","secret":"","subdomain":"my.subdomain.com","callback":"api/auth/cognito/callback","scope":["email","openid","profile"]},"reddit":{"enabled":false,"icon":"reddit","key":"","secret":"","state":true,"callback":"api/auth/reddit/callback","scope":["identity"]},"auth0":{"enabled":false,"icon":"","key":"","secret":"","subdomain":"my-tenant.eu","callback":"api/auth/auth0/callback","scope":["openid","email","profile"]},"cas":{"enabled":false,"icon":"book","key":"","secret":"","callback":"api/auth/cas/callback","scope":["openid email"],"subdomain":"my.subdomain.com/cas"},"patreon":{"enabled":false,"icon":"","key":"","secret":"","callback":"api/auth/patreon/callback","scope":["identity","identity[email]"]}}','object',NULL,NULL);
INSERT INTO strapi_core_store_settings VALUES(19,'plugin_users-permissions_email','{"reset_password":{"display":"Email.template.reset_password","icon":"sync","options":{"from":{"name":"Administration Panel","email":"no-reply@strapi.io"},"response_email":"","object":"Reset password","message":"<p>We heard that you lost your password. Sorry about that!</p>\n\n<p>But dont worry! You can use the following link to reset your password:</p>\n<p><%= URL %>?code=<%= TOKEN %></p>\n\n<p>Thanks.</p>"}},"email_confirmation":{"display":"Email.template.email_confirmation","icon":"check-square","options":{"from":{"name":"Administration Panel","email":"no-reply@strapi.io"},"response_email":"","object":"Account confirmation","message":"<p>Thank you for registering!</p>\n\n<p>You have to confirm your email address. Please click on the link below.</p>\n\n<p><%= URL %>?confirmation=<%= CODE %></p>\n\n<p>Thanks.</p>"}}}','object',NULL,NULL);
INSERT INTO strapi_core_store_settings VALUES(20,'plugin_users-permissions_advanced','{"unique_email":true,"allow_register":true,"email_confirmation":false,"email_reset_password":null,"email_confirmation_redirection":null,"default_role":"authenticated"}','object',NULL,NULL);
INSERT INTO strapi_core_store_settings VALUES(21,'plugin_i18n_default_locale','"en"','string',NULL,NULL);
INSERT INTO strapi_core_store_settings VALUES(22,'core_admin_auth','{"providers":{"autoRegister":false,"defaultRole":null,"ssoLockedRoles":null}}','object',NULL,NULL);
INSERT INTO strapi_core_store_settings VALUES(23,'plugin_content_manager_configuration_content_types::api::universalquotes.universalquotes','{"uid":"api::universalquotes.universalquotes","settings":{"bulkable":true,"filterable":true,"searchable":true,"pageSize":10,"mainField":"id","defaultSortBy":"id","defaultSortOrder":"ASC"},"metadatas":{"id":{"edit":{},"list":{"label":"id","searchable":true,"sortable":true}},"sentence":{"edit":{"label":"sentence","description":"","placeholder":"","visible":true,"editable":true},"list":{"label":"sentence","searchable":true,"sortable":true}},"date":{"edit":{"label":"date","description":"","placeholder":"","visible":true,"editable":true},"list":{"label":"date","searchable":true,"sortable":true}},"country":{"edit":{"label":"country","description":"","placeholder":"","visible":true,"editable":true},"list":{"label":"country","searchable":true,"sortable":true}},"city":{"edit":{"label":"city","description":"","placeholder":"","visible":true,"editable":true},"list":{"label":"city","searchable":true,"sortable":true}},"createdAt":{"edit":{"label":"createdAt","description":"","placeholder":"","visible":false,"editable":true},"list":{"label":"createdAt","searchable":true,"sortable":true}},"updatedAt":{"edit":{"label":"updatedAt","description":"","placeholder":"","visible":false,"editable":true},"list":{"label":"updatedAt","searchable":true,"sortable":true}},"createdBy":{"edit":{"label":"createdBy","description":"","placeholder":"","visible":false,"editable":true,"mainField":"firstname"},"list":{"label":"createdBy","searchable":true,"sortable":true}},"updatedBy":{"edit":{"label":"updatedBy","description":"","placeholder":"","visible":false,"editable":true,"mainField":"firstname"},"list":{"label":"updatedBy","searchable":true,"sortable":true}}},"layouts":{"list":["id","sentence","createdAt","updatedAt"],"edit":[[{"name":"sentence","size":6},{"name":"date","size":4}],[{"name":"country","size":6},{"name":"city","size":6}]]}}','object',NULL,NULL);
INSERT INTO strapi_core_store_settings VALUES(24,'plugin_content_manager_configuration_content_types::api::articles.articles','{"uid":"api::articles.articles","settings":{"bulkable":true,"filterable":true,"searchable":true,"pageSize":10,"mainField":"title","defaultSortBy":"title","defaultSortOrder":"ASC"},"metadatas":{"id":{"edit":{},"list":{"label":"id","searchable":true,"sortable":true}},"title":{"edit":{"label":"title","description":"","placeholder":"","visible":true,"editable":true},"list":{"label":"title","searchable":true,"sortable":true}},"date":{"edit":{"label":"date","description":"","placeholder":"","visible":true,"editable":true},"list":{"label":"date","searchable":true,"sortable":true}},"content":{"edit":{"label":"content","description":"","placeholder":"","visible":true,"editable":true},"list":{"label":"content","searchable":false,"sortable":false}},"country":{"edit":{"label":"country","description":"","placeholder":"","visible":true,"editable":true,"mainField":"name"},"list":{"label":"country","searchable":true,"sortable":true}},"covers":{"edit":{"label":"covers","description":"","placeholder":"","visible":true,"editable":true},"list":{"label":"covers","searchable":false,"sortable":false}},"article_type":{"edit":{"label":"article_type","description":"","placeholder":"","visible":true,"editable":true,"mainField":"article_type"},"list":{"label":"article_type","searchable":true,"sortable":true}},"createdAt":{"edit":{"label":"createdAt","description":"","placeholder":"","visible":false,"editable":true},"list":{"label":"createdAt","searchable":true,"sortable":true}},"updatedAt":{"edit":{"label":"updatedAt","description":"","placeholder":"","visible":false,"editable":true},"list":{"label":"updatedAt","searchable":true,"sortable":true}},"createdBy":{"edit":{"label":"createdBy","description":"","placeholder":"","visible":false,"editable":true,"mainField":"firstname"},"list":{"label":"createdBy","searchable":true,"sortable":true}},"updatedBy":{"edit":{"label":"updatedBy","description":"","placeholder":"","visible":false,"editable":true,"mainField":"firstname"},"list":{"label":"updatedBy","searchable":true,"sortable":true}}},"layouts":{"list":["id","title","date","country"],"edit":[[{"name":"title","size":6},{"name":"date","size":4}],[{"name":"content","size":12}],[{"name":"country","size":6},{"name":"covers","size":6}],[{"name":"article_type","size":6}]]}}','object',NULL,NULL);
INSERT INTO strapi_core_store_settings VALUES(25,'plugin_content_manager_configuration_content_types::api::country.country','{"uid":"api::country.country","settings":{"bulkable":true,"filterable":true,"searchable":true,"pageSize":10,"mainField":"name","defaultSortBy":"name","defaultSortOrder":"ASC"},"metadatas":{"id":{"edit":{},"list":{"label":"id","searchable":true,"sortable":true}},"name":{"edit":{"label":"name","description":"","placeholder":"","visible":true,"editable":true},"list":{"label":"name","searchable":true,"sortable":true}},"continent":{"edit":{"label":"continent","description":"","placeholder":"","visible":true,"editable":true,"mainField":"name"},"list":{"label":"continent","searchable":true,"sortable":true}},"articles":{"edit":{"label":"articles","description":"","placeholder":"","visible":true,"editable":true,"mainField":"title"},"list":{"label":"articles","searchable":false,"sortable":false}},"createdAt":{"edit":{"label":"createdAt","description":"","placeholder":"","visible":false,"editable":true},"list":{"label":"createdAt","searchable":true,"sortable":true}},"updatedAt":{"edit":{"label":"updatedAt","description":"","placeholder":"","visible":false,"editable":true},"list":{"label":"updatedAt","searchable":true,"sortable":true}},"createdBy":{"edit":{"label":"createdBy","description":"","placeholder":"","visible":false,"editable":true,"mainField":"firstname"},"list":{"label":"createdBy","searchable":true,"sortable":true}},"updatedBy":{"edit":{"label":"updatedBy","description":"","placeholder":"","visible":false,"editable":true,"mainField":"firstname"},"list":{"label":"updatedBy","searchable":true,"sortable":true}}},"layouts":{"list":["id","name","createdAt","updatedAt"],"edit":[[{"name":"name","size":6},{"name":"continent","size":6}],[{"name":"articles","size":6}]]}}','object',NULL,NULL);
INSERT INTO strapi_core_store_settings VALUES(26,'plugin_content_manager_configuration_content_types::api::continent.continent','{"uid":"api::continent.continent","settings":{"bulkable":true,"filterable":true,"searchable":true,"pageSize":10,"mainField":"name","defaultSortBy":"name","defaultSortOrder":"ASC"},"metadatas":{"id":{"edit":{},"list":{"label":"id","searchable":true,"sortable":true}},"name":{"edit":{"label":"name","description":"","placeholder":"","visible":true,"editable":true},"list":{"label":"name","searchable":true,"sortable":true}},"countries":{"edit":{"label":"countries","description":"","placeholder":"","visible":true,"editable":true,"mainField":"name"},"list":{"label":"countries","searchable":false,"sortable":false}},"createdAt":{"edit":{"label":"createdAt","description":"","placeholder":"","visible":false,"editable":true},"list":{"label":"createdAt","searchable":true,"sortable":true}},"updatedAt":{"edit":{"label":"updatedAt","description":"","placeholder":"","visible":false,"editable":true},"list":{"label":"updatedAt","searchable":true,"sortable":true}},"createdBy":{"edit":{"label":"createdBy","description":"","placeholder":"","visible":false,"editable":true,"mainField":"firstname"},"list":{"label":"createdBy","searchable":true,"sortable":true}},"updatedBy":{"edit":{"label":"updatedBy","description":"","placeholder":"","visible":false,"editable":true,"mainField":"firstname"},"list":{"label":"updatedBy","searchable":true,"sortable":true}}},"layouts":{"list":["id","name","createdAt","updatedAt"],"edit":[[{"name":"name","size":6},{"name":"countries","size":6}]]}}','object',NULL,NULL);
INSERT INTO strapi_core_store_settings VALUES(28,'plugin_content_manager_configuration_content_types::api::type.type','{"uid":"api::type.type","settings":{"bulkable":true,"filterable":true,"searchable":true,"pageSize":10,"mainField":"article_type","defaultSortBy":"article_type","defaultSortOrder":"ASC"},"metadatas":{"id":{"edit":{},"list":{"label":"id","searchable":true,"sortable":true}},"article_type":{"edit":{"label":"article_type","description":"","placeholder":"","visible":true,"editable":true},"list":{"label":"article_type","searchable":true,"sortable":true}},"articles":{"edit":{"label":"articles","description":"","placeholder":"","visible":true,"editable":true,"mainField":"title"},"list":{"label":"articles","searchable":false,"sortable":false}},"createdAt":{"edit":{"label":"createdAt","description":"","placeholder":"","visible":false,"editable":true},"list":{"label":"createdAt","searchable":true,"sortable":true}},"updatedAt":{"edit":{"label":"updatedAt","description":"","placeholder":"","visible":false,"editable":true},"list":{"label":"updatedAt","searchable":true,"sortable":true}},"createdBy":{"edit":{"label":"createdBy","description":"","placeholder":"","visible":false,"editable":true,"mainField":"firstname"},"list":{"label":"createdBy","searchable":true,"sortable":true}},"updatedBy":{"edit":{"label":"updatedBy","description":"","placeholder":"","visible":false,"editable":true,"mainField":"firstname"},"list":{"label":"updatedBy","searchable":true,"sortable":true}}},"layouts":{"list":["id","article_type","createdAt","updatedAt"],"edit":[[{"name":"article_type","size":6},{"name":"articles","size":6}]]}}','object',NULL,NULL);
CREATE TABLE `strapi_webhooks` (`id` integer not null primary key autoincrement, `name` varchar(255) null, `url` text null, `headers` json null, `events` json null, `enabled` boolean null);
CREATE TABLE IF NOT EXISTS "admin_permissions" (`id` integer PRIMARY KEY AUTOINCREMENT NOT NULL, `action` varchar(255) NULL, `action_parameters` json NULL, `subject` varchar(255) NULL, `properties` json NULL, `conditions` json NULL, `created_at` datetime NULL, `updated_at` datetime NULL, `created_by_id` integer NULL, `updated_by_id` integer NULL, CONSTRAINT `admin_permissions_created_by_id_fk` FOREIGN KEY (`created_by_id`) REFERENCES `admin_users` (`id`) ON DELETE SET NULL, CONSTRAINT `admin_permissions_updated_by_id_fk` FOREIGN KEY (`updated_by_id`) REFERENCES `admin_users` (`id`) ON DELETE SET NULL, CONSTRAINT `admin_permissions_created_by_id_fk` FOREIGN KEY (`created_by_id`) REFERENCES `admin_users` (`id`) ON DELETE SET NULL, CONSTRAINT `admin_permissions_updated_by_id_fk` FOREIGN KEY (`updated_by_id`) REFERENCES `admin_users` (`id`) ON DELETE SET NULL);
INSERT INTO admin_permissions VALUES(1,'plugin::upload.read','{}',NULL,'{}','[]',1697863862504,1697863862504,NULL,NULL);
INSERT INTO admin_permissions VALUES(2,'plugin::upload.configure-view','{}',NULL,'{}','[]',1697863862509,1697863862509,NULL,NULL);
INSERT INTO admin_permissions VALUES(3,'plugin::upload.assets.create','{}',NULL,'{}','[]',1697863862514,1697863862514,NULL,NULL);
INSERT INTO admin_permissions VALUES(4,'plugin::upload.assets.update','{}',NULL,'{}','[]',1697863862519,1697863862519,NULL,NULL);
INSERT INTO admin_permissions VALUES(5,'plugin::upload.assets.download','{}',NULL,'{}','[]',1697863862524,1697863862524,NULL,NULL);
INSERT INTO admin_permissions VALUES(6,'plugin::upload.assets.copy-link','{}',NULL,'{}','[]',1697863862529,1697863862529,NULL,NULL);
INSERT INTO admin_permissions VALUES(7,'plugin::upload.read','{}',NULL,'{}','["admin::is-creator"]',1697863862535,1697863862535,NULL,NULL);
INSERT INTO admin_permissions VALUES(8,'plugin::upload.configure-view','{}',NULL,'{}','[]',1697863862538,1697863862538,NULL,NULL);
INSERT INTO admin_permissions VALUES(9,'plugin::upload.assets.create','{}',NULL,'{}','[]',1697863862544,1697863862544,NULL,NULL);
INSERT INTO admin_permissions VALUES(10,'plugin::upload.assets.update','{}',NULL,'{}','["admin::is-creator"]',1697863862549,1697863862549,NULL,NULL);
INSERT INTO admin_permissions VALUES(11,'plugin::upload.assets.download','{}',NULL,'{}','[]',1697863862554,1697863862554,NULL,NULL);
INSERT INTO admin_permissions VALUES(12,'plugin::upload.assets.copy-link','{}',NULL,'{}','[]',1697863862558,1697863862558,NULL,NULL);
INSERT INTO admin_permissions VALUES(13,'plugin::content-manager.explorer.create','{}','plugin::users-permissions.user','{"fields":["username","email","provider","password","resetPasswordToken","confirmationToken","confirmed","blocked","role"]}','[]',1697863862610,1697863862610,NULL,NULL);
INSERT INTO admin_permissions VALUES(14,'plugin::content-manager.explorer.read','{}','plugin::users-permissions.user','{"fields":["username","email","provider","password","resetPasswordToken","confirmationToken","confirmed","blocked","role"]}','[]',1697863862615,1697863862615,NULL,NULL);
INSERT INTO admin_permissions VALUES(15,'plugin::content-manager.explorer.update','{}','plugin::users-permissions.user','{"fields":["username","email","provider","password","resetPasswordToken","confirmationToken","confirmed","blocked","role"]}','[]',1697863862623,1697863862623,NULL,NULL);
INSERT INTO admin_permissions VALUES(16,'plugin::content-manager.explorer.delete','{}','plugin::users-permissions.user','{}','[]',1697863862628,1697863862628,NULL,NULL);
INSERT INTO admin_permissions VALUES(17,'plugin::content-manager.single-types.configure-view','{}',NULL,'{}','[]',1697863862642,1697863862642,NULL,NULL);
INSERT INTO admin_permissions VALUES(18,'plugin::content-manager.collection-types.configure-view','{}',NULL,'{}','[]',1697863862646,1697863862646,NULL,NULL);
INSERT INTO admin_permissions VALUES(19,'plugin::content-manager.components.configure-layout','{}',NULL,'{}','[]',1697863862662,1697863862662,NULL,NULL);
INSERT INTO admin_permissions VALUES(20,'plugin::content-type-builder.read','{}',NULL,'{}','[]',1697863862671,1697863862671,NULL,NULL);
INSERT INTO admin_permissions VALUES(21,'plugin::email.settings.read','{}',NULL,'{}','[]',1697863862675,1697863862675,NULL,NULL);
INSERT INTO admin_permissions VALUES(22,'plugin::upload.read','{}',NULL,'{}','[]',1697863862680,1697863862680,NULL,NULL);
INSERT INTO admin_permissions VALUES(23,'plugin::upload.assets.create','{}',NULL,'{}','[]',1697863862692,1697863862692,NULL,NULL);
INSERT INTO admin_permissions VALUES(24,'plugin::upload.assets.update','{}',NULL,'{}','[]',1697863862696,1697863862696,NULL,NULL);
INSERT INTO admin_permissions VALUES(25,'plugin::upload.assets.download','{}',NULL,'{}','[]',1697863862707,1697863862707,NULL,NULL);
INSERT INTO admin_permissions VALUES(26,'plugin::upload.assets.copy-link','{}',NULL,'{}','[]',1697863862710,1697863862710,NULL,NULL);
INSERT INTO admin_permissions VALUES(27,'plugin::upload.configure-view','{}',NULL,'{}','[]',1697863862715,1697863862715,NULL,NULL);
INSERT INTO admin_permissions VALUES(28,'plugin::upload.settings.read','{}',NULL,'{}','[]',1697863862719,1697863862719,NULL,NULL);
INSERT INTO admin_permissions VALUES(29,'plugin::users-permissions.roles.create','{}',NULL,'{}','[]',1697863862724,1697863862724,NULL,NULL);
INSERT INTO admin_permissions VALUES(30,'plugin::users-permissions.roles.read','{}',NULL,'{}','[]',1697863862729,1697863862729,NULL,NULL);
INSERT INTO admin_permissions VALUES(31,'plugin::users-permissions.roles.update','{}',NULL,'{}','[]',1697863862735,1697863862735,NULL,NULL);
INSERT INTO admin_permissions VALUES(32,'plugin::users-permissions.roles.delete','{}',NULL,'{}','[]',1697863862739,1697863862739,NULL,NULL);
INSERT INTO admin_permissions VALUES(33,'plugin::users-permissions.providers.read','{}',NULL,'{}','[]',1697863862743,1697863862743,NULL,NULL);
INSERT INTO admin_permissions VALUES(34,'plugin::users-permissions.providers.update','{}',NULL,'{}','[]',1697863862747,1697863862747,NULL,NULL);
INSERT INTO admin_permissions VALUES(35,'plugin::users-permissions.email-templates.read','{}',NULL,'{}','[]',1697863862752,1697863862752,NULL,NULL);
INSERT INTO admin_permissions VALUES(36,'plugin::users-permissions.email-templates.update','{}',NULL,'{}','[]',1697863862756,1697863862756,NULL,NULL);
INSERT INTO admin_permissions VALUES(37,'plugin::users-permissions.advanced-settings.read','{}',NULL,'{}','[]',1697863862760,1697863862760,NULL,NULL);
INSERT INTO admin_permissions VALUES(38,'plugin::users-permissions.advanced-settings.update','{}',NULL,'{}','[]',1697863862765,1697863862765,NULL,NULL);
INSERT INTO admin_permissions VALUES(39,'plugin::i18n.locale.create','{}',NULL,'{}','[]',1697863862769,1697863862769,NULL,NULL);
INSERT INTO admin_permissions VALUES(40,'plugin::i18n.locale.read','{}',NULL,'{}','[]',1697863862774,1697863862774,NULL,NULL);
INSERT INTO admin_permissions VALUES(41,'plugin::i18n.locale.update','{}',NULL,'{}','[]',1697863862778,1697863862778,NULL,NULL);
INSERT INTO admin_permissions VALUES(42,'plugin::i18n.locale.delete','{}',NULL,'{}','[]',1697863862782,1697863862782,NULL,NULL);
INSERT INTO admin_permissions VALUES(43,'admin::marketplace.read','{}',NULL,'{}','[]',1697863862786,1697863862786,NULL,NULL);
INSERT INTO admin_permissions VALUES(44,'admin::webhooks.create','{}',NULL,'{}','[]',1697863862791,1697863862791,NULL,NULL);
INSERT INTO admin_permissions VALUES(45,'admin::webhooks.read','{}',NULL,'{}','[]',1697863862796,1697863862796,NULL,NULL);
INSERT INTO admin_permissions VALUES(46,'admin::webhooks.update','{}',NULL,'{}','[]',1697863862800,1697863862800,NULL,NULL);
INSERT INTO admin_permissions VALUES(47,'admin::webhooks.delete','{}',NULL,'{}','[]',1697863862804,1697863862804,NULL,NULL);
INSERT INTO admin_permissions VALUES(48,'admin::users.create','{}',NULL,'{}','[]',1697863862809,1697863862809,NULL,NULL);
INSERT INTO admin_permissions VALUES(49,'admin::users.read','{}',NULL,'{}','[]',1697863862816,1697863862816,NULL,NULL);
INSERT INTO admin_permissions VALUES(50,'admin::users.update','{}',NULL,'{}','[]',1697863862823,1697863862823,NULL,NULL);
INSERT INTO admin_permissions VALUES(51,'admin::users.delete','{}',NULL,'{}','[]',1697863862829,1697863862829,NULL,NULL);
INSERT INTO admin_permissions VALUES(52,'admin::roles.create','{}',NULL,'{}','[]',1697863862842,1697863862842,NULL,NULL);
INSERT INTO admin_permissions VALUES(53,'admin::roles.read','{}',NULL,'{}','[]',1697863862848,1697863862848,NULL,NULL);
INSERT INTO admin_permissions VALUES(54,'admin::roles.update','{}',NULL,'{}','[]',1697863862866,1697863862866,NULL,NULL);
INSERT INTO admin_permissions VALUES(55,'admin::roles.delete','{}',NULL,'{}','[]',1697863862882,1697863862882,NULL,NULL);
INSERT INTO admin_permissions VALUES(56,'admin::api-tokens.access','{}',NULL,'{}','[]',1697863862898,1697863862898,NULL,NULL);
INSERT INTO admin_permissions VALUES(57,'admin::api-tokens.create','{}',NULL,'{}','[]',1697863862976,1697863862976,NULL,NULL);
INSERT INTO admin_permissions VALUES(58,'admin::api-tokens.read','{}',NULL,'{}','[]',1697863862983,1697863862983,NULL,NULL);
INSERT INTO admin_permissions VALUES(59,'admin::api-tokens.update','{}',NULL,'{}','[]',1697863862993,1697863862993,NULL,NULL);
INSERT INTO admin_permissions VALUES(60,'admin::api-tokens.regenerate','{}',NULL,'{}','[]',1697863863004,1697863863004,NULL,NULL);
INSERT INTO admin_permissions VALUES(61,'admin::api-tokens.delete','{}',NULL,'{}','[]',1697863863031,1697863863031,NULL,NULL);
INSERT INTO admin_permissions VALUES(62,'admin::project-settings.update','{}',NULL,'{}','[]',1697863863046,1697863863046,NULL,NULL);
INSERT INTO admin_permissions VALUES(63,'admin::project-settings.read','{}',NULL,'{}','[]',1697863863050,1697863863050,NULL,NULL);
INSERT INTO admin_permissions VALUES(64,'admin::transfer.tokens.access','{}',NULL,'{}','[]',1697863863063,1697863863063,NULL,NULL);
INSERT INTO admin_permissions VALUES(65,'admin::transfer.tokens.create','{}',NULL,'{}','[]',1697863863070,1697863863070,NULL,NULL);
INSERT INTO admin_permissions VALUES(66,'admin::transfer.tokens.read','{}',NULL,'{}','[]',1697863863078,1697863863078,NULL,NULL);
INSERT INTO admin_permissions VALUES(67,'admin::transfer.tokens.update','{}',NULL,'{}','[]',1697863863094,1697863863094,NULL,NULL);
INSERT INTO admin_permissions VALUES(68,'admin::transfer.tokens.regenerate','{}',NULL,'{}','[]',1697863863098,1697863863098,NULL,NULL);
INSERT INTO admin_permissions VALUES(69,'admin::transfer.tokens.delete','{}',NULL,'{}','[]',1697863863113,1697863863113,NULL,NULL);
INSERT INTO admin_permissions VALUES(73,'plugin::content-manager.explorer.delete','{}','api::universalquotes.universalquotes','{"locales":["en","zh-CN"]}','[]',1697986916909,1697986916909,NULL,NULL);
INSERT INTO admin_permissions VALUES(74,'plugin::content-manager.explorer.publish','{}','api::universalquotes.universalquotes','{"locales":["en","zh-CN"]}','[]',1697986916913,1697986916913,NULL,NULL);
INSERT INTO admin_permissions VALUES(78,'plugin::content-manager.explorer.create','{}','api::universalquotes.universalquotes','{"fields":["sentence","date","country","city"],"locales":["en","zh-CN"]}','[]',1697987004570,1697987004570,NULL,NULL);
INSERT INTO admin_permissions VALUES(79,'plugin::content-manager.explorer.read','{}','api::universalquotes.universalquotes','{"fields":["sentence","date","country","city"],"locales":["en","zh-CN"]}','[]',1697987004580,1697987004580,NULL,NULL);
INSERT INTO admin_permissions VALUES(80,'plugin::content-manager.explorer.update','{}','api::universalquotes.universalquotes','{"fields":["sentence","date","country","city"],"locales":["en","zh-CN"]}','[]',1697987004587,1697987004587,NULL,NULL);
INSERT INTO admin_permissions VALUES(84,'plugin::content-manager.explorer.delete','{}','api::articles.articles','{"locales":["en","zh-CN"]}','[]',1697987775306,1697987775306,NULL,NULL);
INSERT INTO admin_permissions VALUES(85,'plugin::content-manager.explorer.publish','{}','api::articles.articles','{"locales":["en","zh-CN"]}','[]',1697987775314,1697987775314,NULL,NULL);
INSERT INTO admin_permissions VALUES(89,'plugin::content-manager.explorer.delete','{}','api::country.country','{"locales":["en","zh-CN"]}','[]',1697987824266,1697987824266,NULL,NULL);
INSERT INTO admin_permissions VALUES(90,'plugin::content-manager.explorer.publish','{}','api::country.country','{"locales":["en","zh-CN"]}','[]',1697987824271,1697987824271,NULL,NULL);
INSERT INTO admin_permissions VALUES(94,'plugin::content-manager.explorer.delete','{}','api::continent.continent','{"locales":["en","zh-CN"]}','[]',1697987884859,1697987884859,NULL,NULL);
INSERT INTO admin_permissions VALUES(95,'plugin::content-manager.explorer.publish','{}','api::continent.continent','{"locales":["en","zh-CN"]}','[]',1697987884864,1697987884864,NULL,NULL);
INSERT INTO admin_permissions VALUES(96,'plugin::content-manager.explorer.create','{}','api::continent.continent','{"fields":["name","countries"],"locales":["en","zh-CN"]}','[]',1697988057051,1697988057051,NULL,NULL);
INSERT INTO admin_permissions VALUES(98,'plugin::content-manager.explorer.read','{}','api::continent.continent','{"fields":["name","countries"],"locales":["en","zh-CN"]}','[]',1697988057062,1697988057062,NULL,NULL);
INSERT INTO admin_permissions VALUES(100,'plugin::content-manager.explorer.update','{}','api::continent.continent','{"fields":["name","countries"],"locales":["en","zh-CN"]}','[]',1697988057071,1697988057071,NULL,NULL);
INSERT INTO admin_permissions VALUES(103,'plugin::content-manager.explorer.create','{}','api::country.country','{"fields":["name","continent","articles"],"locales":["en","zh-CN"]}','[]',1697988219169,1697988219169,NULL,NULL);
INSERT INTO admin_permissions VALUES(105,'plugin::content-manager.explorer.read','{}','api::country.country','{"fields":["name","continent","articles"],"locales":["en","zh-CN"]}','[]',1697988219182,1697988219182,NULL,NULL);
INSERT INTO admin_permissions VALUES(107,'plugin::content-manager.explorer.update','{}','api::country.country','{"fields":["name","continent","articles"],"locales":["en","zh-CN"]}','[]',1697988219192,1697988219192,NULL,NULL);
INSERT INTO admin_permissions VALUES(131,'plugin::content-manager.explorer.delete','{}','api::type.type','{}','[]',1697990840204,1697990840204,NULL,NULL);
INSERT INTO admin_permissions VALUES(132,'plugin::content-manager.explorer.publish','{}','api::type.type','{}','[]',1697990840214,1697990840214,NULL,NULL);
INSERT INTO admin_permissions VALUES(133,'plugin::content-manager.explorer.create','{}','api::articles.articles','{"fields":["title","date","content","country","covers","article_type"],"locales":["en","zh-CN"]}','[]',1697990894918,1697990894918,NULL,NULL);
INSERT INTO admin_permissions VALUES(134,'plugin::content-manager.explorer.create','{}','api::type.type','{"fields":["article_type","articles"]}','[]',1697990894933,1697990894933,NULL,NULL);
INSERT INTO admin_permissions VALUES(135,'plugin::content-manager.explorer.read','{}','api::articles.articles','{"fields":["title","date","content","country","covers","article_type"],"locales":["en","zh-CN"]}','[]',1697990894949,1697990894949,NULL,NULL);
INSERT INTO admin_permissions VALUES(136,'plugin::content-manager.explorer.read','{}','api::type.type','{"fields":["article_type","articles"]}','[]',1697990894963,1697990894963,NULL,NULL);
INSERT INTO admin_permissions VALUES(137,'plugin::content-manager.explorer.update','{}','api::articles.articles','{"fields":["title","date","content","country","covers","article_type"],"locales":["en","zh-CN"]}','[]',1697990894968,1697990894968,NULL,NULL);
INSERT INTO admin_permissions VALUES(138,'plugin::content-manager.explorer.update','{}','api::type.type','{"fields":["article_type","articles"]}','[]',1697990894981,1697990894981,NULL,NULL);
CREATE TABLE IF NOT EXISTS "admin_users" (`id` integer PRIMARY KEY AUTOINCREMENT NOT NULL, `firstname` varchar(255) NULL, `lastname` varchar(255) NULL, `username` varchar(255) NULL, `email` varchar(255) NULL, `password` varchar(255) NULL, `reset_password_token` varchar(255) NULL, `registration_token` varchar(255) NULL, `is_active` boolean NULL, `blocked` boolean NULL, `prefered_language` varchar(255) NULL, `created_at` datetime NULL, `updated_at` datetime NULL, `created_by_id` integer NULL, `updated_by_id` integer NULL, CONSTRAINT `admin_users_created_by_id_fk` FOREIGN KEY (`created_by_id`) REFERENCES `admin_users` (`id`) ON DELETE SET NULL, CONSTRAINT `admin_users_updated_by_id_fk` FOREIGN KEY (`updated_by_id`) REFERENCES `admin_users` (`id`) ON DELETE SET NULL, CONSTRAINT `admin_users_created_by_id_fk` FOREIGN KEY (`created_by_id`) REFERENCES `admin_users` (`id`) ON DELETE SET NULL, CONSTRAINT `admin_users_updated_by_id_fk` FOREIGN KEY (`updated_by_id`) REFERENCES `admin_users` (`id`) ON DELETE SET NULL);
INSERT INTO admin_users VALUES(1,'admin',NULL,NULL,'q8851559@qq.com','$2a$10$iwPN8mLfK5o4ilJRlqvtg.Ot.I7pxau6HaPu4m10TNBSjhJJLY/sS',NULL,NULL,1,0,NULL,1697985179348,1697985179348,NULL,NULL);
CREATE TABLE IF NOT EXISTS "admin_roles" (`id` integer PRIMARY KEY AUTOINCREMENT NOT NULL, `name` varchar(255) NULL, `code` varchar(255) NULL, `description` varchar(255) NULL, `created_at` datetime NULL, `updated_at` datetime NULL, `created_by_id` integer NULL, `updated_by_id` integer NULL, CONSTRAINT `admin_roles_created_by_id_fk` FOREIGN KEY (`created_by_id`) REFERENCES `admin_users` (`id`) ON DELETE SET NULL, CONSTRAINT `admin_roles_updated_by_id_fk` FOREIGN KEY (`updated_by_id`) REFERENCES `admin_users` (`id`) ON DELETE SET NULL, CONSTRAINT `admin_roles_created_by_id_fk` FOREIGN KEY (`created_by_id`) REFERENCES `admin_users` (`id`) ON DELETE SET NULL, CONSTRAINT `admin_roles_updated_by_id_fk` FOREIGN KEY (`updated_by_id`) REFERENCES `admin_users` (`id`) ON DELETE SET NULL);
INSERT INTO admin_roles VALUES(1,'Super Admin','strapi-super-admin','Super Admins can access and manage all features and settings.',1697863862491,1697863862491,NULL,NULL);
INSERT INTO admin_roles VALUES(2,'Editor','strapi-editor','Editors can manage and publish contents including those of other users.',1697863862496,1697863862496,NULL,NULL);
INSERT INTO admin_roles VALUES(3,'Author','strapi-author','Authors can manage the content they have created.',1697863862499,1697863862499,NULL,NULL);
CREATE TABLE IF NOT EXISTS "strapi_api_tokens" (`id` integer PRIMARY KEY AUTOINCREMENT NOT NULL, `name` varchar(255) NULL, `description` varchar(255) NULL, `type` varchar(255) NULL, `access_key` varchar(255) NULL, `last_used_at` datetime NULL, `expires_at` datetime NULL, `lifespan` bigint NULL, `created_at` datetime NULL, `updated_at` datetime NULL, `created_by_id` integer NULL, `updated_by_id` integer NULL, CONSTRAINT `strapi_api_tokens_created_by_id_fk` FOREIGN KEY (`created_by_id`) REFERENCES `admin_users` (`id`) ON DELETE SET NULL, CONSTRAINT `strapi_api_tokens_updated_by_id_fk` FOREIGN KEY (`updated_by_id`) REFERENCES `admin_users` (`id`) ON DELETE SET NULL, CONSTRAINT `strapi_api_tokens_created_by_id_fk` FOREIGN KEY (`created_by_id`) REFERENCES `admin_users` (`id`) ON DELETE SET NULL, CONSTRAINT `strapi_api_tokens_updated_by_id_fk` FOREIGN KEY (`updated_by_id`) REFERENCES `admin_users` (`id`) ON DELETE SET NULL);
CREATE TABLE IF NOT EXISTS "strapi_api_token_permissions" (`id` integer PRIMARY KEY AUTOINCREMENT NOT NULL, `action` varchar(255) NULL, `created_at` datetime NULL, `updated_at` datetime NULL, `created_by_id` integer NULL, `updated_by_id` integer NULL, CONSTRAINT `strapi_api_token_permissions_created_by_id_fk` FOREIGN KEY (`created_by_id`) REFERENCES `admin_users` (`id`) ON DELETE SET NULL, CONSTRAINT `strapi_api_token_permissions_updated_by_id_fk` FOREIGN KEY (`updated_by_id`) REFERENCES `admin_users` (`id`) ON DELETE SET NULL, CONSTRAINT `strapi_api_token_permissions_created_by_id_fk` FOREIGN KEY (`created_by_id`) REFERENCES `admin_users` (`id`) ON DELETE SET NULL, CONSTRAINT `strapi_api_token_permissions_updated_by_id_fk` FOREIGN KEY (`updated_by_id`) REFERENCES `admin_users` (`id`) ON DELETE SET NULL);
CREATE TABLE IF NOT EXISTS "strapi_transfer_tokens" (`id` integer PRIMARY KEY AUTOINCREMENT NOT NULL, `name` varchar(255) NULL, `description` varchar(255) NULL, `access_key` varchar(255) NULL, `last_used_at` datetime NULL, `expires_at` datetime NULL, `lifespan` bigint NULL, `created_at` datetime NULL, `updated_at` datetime NULL, `created_by_id` integer NULL, `updated_by_id` integer NULL, CONSTRAINT `strapi_transfer_tokens_created_by_id_fk` FOREIGN KEY (`created_by_id`) REFERENCES `admin_users` (`id`) ON DELETE SET NULL, CONSTRAINT `strapi_transfer_tokens_updated_by_id_fk` FOREIGN KEY (`updated_by_id`) REFERENCES `admin_users` (`id`) ON DELETE SET NULL, CONSTRAINT `strapi_transfer_tokens_created_by_id_fk` FOREIGN KEY (`created_by_id`) REFERENCES `admin_users` (`id`) ON DELETE SET NULL, CONSTRAINT `strapi_transfer_tokens_updated_by_id_fk` FOREIGN KEY (`updated_by_id`) REFERENCES `admin_users` (`id`) ON DELETE SET NULL);
CREATE TABLE IF NOT EXISTS "strapi_transfer_token_permissions" (`id` integer PRIMARY KEY AUTOINCREMENT NOT NULL, `action` varchar(255) NULL, `created_at` datetime NULL, `updated_at` datetime NULL, `created_by_id` integer NULL, `updated_by_id` integer NULL, CONSTRAINT `strapi_transfer_token_permissions_created_by_id_fk` FOREIGN KEY (`created_by_id`) REFERENCES `admin_users` (`id`) ON DELETE SET NULL, CONSTRAINT `strapi_transfer_token_permissions_updated_by_id_fk` FOREIGN KEY (`updated_by_id`) REFERENCES `admin_users` (`id`) ON DELETE SET NULL, CONSTRAINT `strapi_transfer_token_permissions_created_by_id_fk` FOREIGN KEY (`created_by_id`) REFERENCES `admin_users` (`id`) ON DELETE SET NULL, CONSTRAINT `strapi_transfer_token_permissions_updated_by_id_fk` FOREIGN KEY (`updated_by_id`) REFERENCES `admin_users` (`id`) ON DELETE SET NULL);
CREATE TABLE IF NOT EXISTS "files" (`id` integer PRIMARY KEY AUTOINCREMENT NOT NULL, `name` varchar(255) NULL, `alternative_text` varchar(255) NULL, `caption` varchar(255) NULL, `width` integer NULL, `height` integer NULL, `formats` json NULL, `hash` varchar(255) NULL, `ext` varchar(255) NULL, `mime` varchar(255) NULL, `size` float NULL, `url` varchar(255) NULL, `preview_url` varchar(255) NULL, `provider` varchar(255) NULL, `provider_metadata` json NULL, `folder_path` varchar(255) NULL, `created_at` datetime NULL, `updated_at` datetime NULL, `created_by_id` integer NULL, `updated_by_id` integer NULL, CONSTRAINT `files_created_by_id_fk` FOREIGN KEY (`created_by_id`) REFERENCES `admin_users` (`id`) ON DELETE SET NULL, CONSTRAINT `files_updated_by_id_fk` FOREIGN KEY (`updated_by_id`) REFERENCES `admin_users` (`id`) ON DELETE SET NULL, CONSTRAINT `files_created_by_id_fk` FOREIGN KEY (`created_by_id`) REFERENCES `admin_users` (`id`) ON DELETE SET NULL, CONSTRAINT `files_updated_by_id_fk` FOREIGN KEY (`updated_by_id`) REFERENCES `admin_users` (`id`) ON DELETE SET NULL);
INSERT INTO files VALUES(1,'Czech.jpg',NULL,NULL,1320,745,'{"thumbnail":{"name":"thumbnail_Czech.jpg","hash":"thumbnail_Czech_b27b52b4b2","ext":".jpg","mime":"image/jpeg","path":null,"width":245,"height":138,"size":7.47,"url":"/uploads/thumbnail_Czech_b27b52b4b2.jpg"},"medium":{"name":"medium_Czech.jpg","hash":"medium_Czech_b27b52b4b2","ext":".jpg","mime":"image/jpeg","path":null,"width":750,"height":423,"size":59.02,"url":"/uploads/medium_Czech_b27b52b4b2.jpg"},"small":{"name":"small_Czech.jpg","hash":"small_Czech_b27b52b4b2","ext":".jpg","mime":"image/jpeg","path":null,"width":500,"height":282,"size":26.75,"url":"/uploads/small_Czech_b27b52b4b2.jpg"},"large":{"name":"large_Czech.jpg","hash":"large_Czech_b27b52b4b2","ext":".jpg","mime":"image/jpeg","path":null,"width":1000,"height":564,"size":110.03,"url":"/uploads/large_Czech_b27b52b4b2.jpg"}}','Czech_b27b52b4b2','.jpg','image/jpeg',207.86000000000002252,'/uploads/Czech_b27b52b4b2.jpg',NULL,'local',NULL,'/',1697989891336,1697989891336,1,1);
CREATE TABLE IF NOT EXISTS "upload_folders" (`id` integer PRIMARY KEY AUTOINCREMENT NOT NULL, `name` varchar(255) NULL, `path_id` integer NULL, `path` varchar(255) NULL, `created_at` datetime NULL, `updated_at` datetime NULL, `created_by_id` integer NULL, `updated_by_id` integer NULL, CONSTRAINT `upload_folders_created_by_id_fk` FOREIGN KEY (`created_by_id`) REFERENCES `admin_users` (`id`) ON DELETE SET NULL, CONSTRAINT `upload_folders_updated_by_id_fk` FOREIGN KEY (`updated_by_id`) REFERENCES `admin_users` (`id`) ON DELETE SET NULL, CONSTRAINT `upload_folders_created_by_id_fk` FOREIGN KEY (`created_by_id`) REFERENCES `admin_users` (`id`) ON DELETE SET NULL, CONSTRAINT `upload_folders_updated_by_id_fk` FOREIGN KEY (`updated_by_id`) REFERENCES `admin_users` (`id`) ON DELETE SET NULL);
CREATE TABLE IF NOT EXISTS "up_permissions" (`id` integer PRIMARY KEY AUTOINCREMENT NOT NULL, `action` varchar(255) NULL, `created_at` datetime NULL, `updated_at` datetime NULL, `created_by_id` integer NULL, `updated_by_id` integer NULL, CONSTRAINT `up_permissions_created_by_id_fk` FOREIGN KEY (`created_by_id`) REFERENCES `admin_users` (`id`) ON DELETE SET NULL, CONSTRAINT `up_permissions_updated_by_id_fk` FOREIGN KEY (`updated_by_id`) REFERENCES `admin_users` (`id`) ON DELETE SET NULL, CONSTRAINT `up_permissions_created_by_id_fk` FOREIGN KEY (`created_by_id`) REFERENCES `admin_users` (`id`) ON DELETE SET NULL, CONSTRAINT `up_permissions_updated_by_id_fk` FOREIGN KEY (`updated_by_id`) REFERENCES `admin_users` (`id`) ON DELETE SET NULL);
INSERT INTO up_permissions VALUES(1,'plugin::users-permissions.user.me',1697863862406,1697863862406,NULL,NULL);
INSERT INTO up_permissions VALUES(2,'plugin::users-permissions.auth.changePassword',1697863862406,1697863862406,NULL,NULL);
INSERT INTO up_permissions VALUES(3,'plugin::users-permissions.auth.callback',1697863862416,1697863862416,NULL,NULL);
INSERT INTO up_permissions VALUES(4,'plugin::users-permissions.auth.connect',1697863862416,1697863862416,NULL,NULL);
INSERT INTO up_permissions VALUES(5,'plugin::users-permissions.auth.forgotPassword',1697863862416,1697863862416,NULL,NULL);
INSERT INTO up_permissions VALUES(6,'plugin::users-permissions.auth.resetPassword',1697863862416,1697863862416,NULL,NULL);
INSERT INTO up_permissions VALUES(7,'plugin::users-permissions.auth.register',1697863862416,1697863862416,NULL,NULL);
INSERT INTO up_permissions VALUES(8,'plugin::users-permissions.auth.emailConfirmation',1697863862416,1697863862416,NULL,NULL);
INSERT INTO up_permissions VALUES(9,'plugin::users-permissions.auth.sendEmailConfirmation',1697863862416,1697863862416,NULL,NULL);
CREATE TABLE IF NOT EXISTS "up_roles" (`id` integer PRIMARY KEY AUTOINCREMENT NOT NULL, `name` varchar(255) NULL, `description` varchar(255) NULL, `type` varchar(255) NULL, `created_at` datetime NULL, `updated_at` datetime NULL, `created_by_id` integer NULL, `updated_by_id` integer NULL, CONSTRAINT `up_roles_created_by_id_fk` FOREIGN KEY (`created_by_id`) REFERENCES `admin_users` (`id`) ON DELETE SET NULL, CONSTRAINT `up_roles_updated_by_id_fk` FOREIGN KEY (`updated_by_id`) REFERENCES `admin_users` (`id`) ON DELETE SET NULL, CONSTRAINT `up_roles_created_by_id_fk` FOREIGN KEY (`created_by_id`) REFERENCES `admin_users` (`id`) ON DELETE SET NULL, CONSTRAINT `up_roles_updated_by_id_fk` FOREIGN KEY (`updated_by_id`) REFERENCES `admin_users` (`id`) ON DELETE SET NULL);
INSERT INTO up_roles VALUES(1,'Authenticated','Default role given to authenticated user.','authenticated',1697863862397,1697863862397,NULL,NULL);
INSERT INTO up_roles VALUES(2,'Public','Default role given to unauthenticated user.','public',1697863862400,1697863862400,NULL,NULL);
CREATE TABLE IF NOT EXISTS "up_users" (`id` integer PRIMARY KEY AUTOINCREMENT NOT NULL, `username` varchar(255) NULL, `email` varchar(255) NULL, `provider` varchar(255) NULL, `password` varchar(255) NULL, `reset_password_token` varchar(255) NULL, `confirmation_token` varchar(255) NULL, `confirmed` boolean NULL, `blocked` boolean NULL, `created_at` datetime NULL, `updated_at` datetime NULL, `created_by_id` integer NULL, `updated_by_id` integer NULL, CONSTRAINT `up_users_created_by_id_fk` FOREIGN KEY (`created_by_id`) REFERENCES `admin_users` (`id`) ON DELETE SET NULL, CONSTRAINT `up_users_updated_by_id_fk` FOREIGN KEY (`updated_by_id`) REFERENCES `admin_users` (`id`) ON DELETE SET NULL, CONSTRAINT `up_users_created_by_id_fk` FOREIGN KEY (`created_by_id`) REFERENCES `admin_users` (`id`) ON DELETE SET NULL, CONSTRAINT `up_users_updated_by_id_fk` FOREIGN KEY (`updated_by_id`) REFERENCES `admin_users` (`id`) ON DELETE SET NULL);
CREATE TABLE IF NOT EXISTS "i18n_locale" (`id` integer PRIMARY KEY AUTOINCREMENT NOT NULL, `name` varchar(255) NULL, `code` varchar(255) NULL, `created_at` datetime NULL, `updated_at` datetime NULL, `created_by_id` integer NULL, `updated_by_id` integer NULL, CONSTRAINT `i18n_locale_created_by_id_fk` FOREIGN KEY (`created_by_id`) REFERENCES `admin_users` (`id`) ON DELETE SET NULL, CONSTRAINT `i18n_locale_updated_by_id_fk` FOREIGN KEY (`updated_by_id`) REFERENCES `admin_users` (`id`) ON DELETE SET NULL, CONSTRAINT `i18n_locale_created_by_id_fk` FOREIGN KEY (`created_by_id`) REFERENCES `admin_users` (`id`) ON DELETE SET NULL, CONSTRAINT `i18n_locale_updated_by_id_fk` FOREIGN KEY (`updated_by_id`) REFERENCES `admin_users` (`id`) ON DELETE SET NULL);
INSERT INTO i18n_locale VALUES(1,'English (en)','en',1697863862456,1697863862456,NULL,NULL);
INSERT INTO i18n_locale VALUES(2,'Chinese','zh-CN',1697986067070,1697986067070,1,1);
CREATE TABLE IF NOT EXISTS "admin_permissions_role_links" (`id` integer PRIMARY KEY AUTOINCREMENT NOT NULL, `permission_id` integer NULL, `role_id` integer NULL, `permission_order` float NULL, CONSTRAINT `admin_permissions_role_links_fk` FOREIGN KEY (`permission_id`) REFERENCES `admin_permissions` (`id`) ON DELETE CASCADE, CONSTRAINT `admin_permissions_role_links_inv_fk` FOREIGN KEY (`role_id`) REFERENCES `admin_roles` (`id`) ON DELETE CASCADE, CONSTRAINT `admin_permissions_role_links_fk` FOREIGN KEY (`permission_id`) REFERENCES `admin_permissions` (`id`) ON DELETE CASCADE, CONSTRAINT `admin_permissions_role_links_inv_fk` FOREIGN KEY (`role_id`) REFERENCES `admin_roles` (`id`) ON DELETE CASCADE);
INSERT INTO admin_permissions_role_links VALUES(1,1,2,1.0);
INSERT INTO admin_permissions_role_links VALUES(2,2,2,2.0);
INSERT INTO admin_permissions_role_links VALUES(3,3,2,3.0);
INSERT INTO admin_permissions_role_links VALUES(4,4,2,4.0);
INSERT INTO admin_permissions_role_links VALUES(5,5,2,5.0);
INSERT INTO admin_permissions_role_links VALUES(6,6,2,6.0);
INSERT INTO admin_permissions_role_links VALUES(7,7,3,1.0);
INSERT INTO admin_permissions_role_links VALUES(8,8,3,2.0);
INSERT INTO admin_permissions_role_links VALUES(9,9,3,3.0);
INSERT INTO admin_permissions_role_links VALUES(10,10,3,4.0);
INSERT INTO admin_permissions_role_links VALUES(11,11,3,5.0);
INSERT INTO admin_permissions_role_links VALUES(12,12,3,6.0);
INSERT INTO admin_permissions_role_links VALUES(13,13,1,1.0);
INSERT INTO admin_permissions_role_links VALUES(14,14,1,2.0);
INSERT INTO admin_permissions_role_links VALUES(15,15,1,3.0);
INSERT INTO admin_permissions_role_links VALUES(16,16,1,4.0);
INSERT INTO admin_permissions_role_links VALUES(17,17,1,5.0);
INSERT INTO admin_permissions_role_links VALUES(18,18,1,6.0);
INSERT INTO admin_permissions_role_links VALUES(19,19,1,7.0);
INSERT INTO admin_permissions_role_links VALUES(20,20,1,8.0);
INSERT INTO admin_permissions_role_links VALUES(21,21,1,9.0);
INSERT INTO admin_permissions_role_links VALUES(22,22,1,10.0);
INSERT INTO admin_permissions_role_links VALUES(23,23,1,11.000000000000000888);
INSERT INTO admin_permissions_role_links VALUES(24,24,1,11.999999999999999644);
INSERT INTO admin_permissions_role_links VALUES(25,25,1,13.000000000000000444);
INSERT INTO admin_permissions_role_links VALUES(26,26,1,13.999999999999999111);
INSERT INTO admin_permissions_role_links VALUES(27,27,1,15.0);
INSERT INTO admin_permissions_role_links VALUES(28,28,1,16.000000000000000888);
INSERT INTO admin_permissions_role_links VALUES(29,29,1,17.0);
INSERT INTO admin_permissions_role_links VALUES(30,30,1,18.0);
INSERT INTO admin_permissions_role_links VALUES(31,31,1,19.0);
INSERT INTO admin_permissions_role_links VALUES(32,32,1,20.0);
INSERT INTO admin_permissions_role_links VALUES(33,33,1,21.000000000000000888);
INSERT INTO admin_permissions_role_links VALUES(34,34,1,22.000000000000001776);
INSERT INTO admin_permissions_role_links VALUES(35,35,1,22.999999999999998223);
INSERT INTO admin_permissions_role_links VALUES(36,36,1,23.999999999999999111);
INSERT INTO admin_permissions_role_links VALUES(37,37,1,25.0);
INSERT INTO admin_permissions_role_links VALUES(38,38,1,26.000000000000000888);
INSERT INTO admin_permissions_role_links VALUES(39,39,1,27.000000000000001776);
INSERT INTO admin_permissions_role_links VALUES(40,40,1,27.999999999999998223);
INSERT INTO admin_permissions_role_links VALUES(41,41,1,29.0);
INSERT INTO admin_permissions_role_links VALUES(42,42,1,30.0);
INSERT INTO admin_permissions_role_links VALUES(43,43,1,31.000000000000000888);
INSERT INTO admin_permissions_role_links VALUES(44,44,1,32.000000000000001776);
INSERT INTO admin_permissions_role_links VALUES(45,45,1,32.999999999999998223);
INSERT INTO admin_permissions_role_links VALUES(46,46,1,33.999999999999999111);
INSERT INTO admin_permissions_role_links VALUES(47,47,1,35.0);
INSERT INTO admin_permissions_role_links VALUES(48,48,1,36.000000000000000888);
INSERT INTO admin_permissions_role_links VALUES(49,49,1,37.000000000000001776);
INSERT INTO admin_permissions_role_links VALUES(50,50,1,37.999999999999998223);
INSERT INTO admin_permissions_role_links VALUES(51,51,1,39.0);
INSERT INTO admin_permissions_role_links VALUES(52,52,1,40.0);
INSERT INTO admin_permissions_role_links VALUES(53,53,1,40.999999999999996447);
INSERT INTO admin_permissions_role_links VALUES(54,54,1,42.000000000000001776);
INSERT INTO admin_permissions_role_links VALUES(55,55,1,42.999999999999998223);
INSERT INTO admin_permissions_role_links VALUES(56,56,1,44.000000000000003552);
INSERT INTO admin_permissions_role_links VALUES(57,57,1,45.0);
INSERT INTO admin_permissions_role_links VALUES(58,58,1,45.999999999999996447);
INSERT INTO admin_permissions_role_links VALUES(59,59,1,47.000000000000001776);
INSERT INTO admin_permissions_role_links VALUES(60,60,1,47.999999999999998223);
INSERT INTO admin_permissions_role_links VALUES(61,61,1,49.000000000000003552);
INSERT INTO admin_permissions_role_links VALUES(62,62,1,50.0);
INSERT INTO admin_permissions_role_links VALUES(63,63,1,50.999999999999996447);
INSERT INTO admin_permissions_role_links VALUES(64,64,1,52.000000000000001776);
INSERT INTO admin_permissions_role_links VALUES(65,65,1,52.999999999999998223);
INSERT INTO admin_permissions_role_links VALUES(66,66,1,54.000000000000003552);
INSERT INTO admin_permissions_role_links VALUES(67,67,1,55.0);
INSERT INTO admin_permissions_role_links VALUES(68,68,1,55.999999999999996447);
INSERT INTO admin_permissions_role_links VALUES(69,69,1,57.000000000000001776);
INSERT INTO admin_permissions_role_links VALUES(73,73,1,60.999999999999996447);
INSERT INTO admin_permissions_role_links VALUES(74,74,1,62.000000000000001776);
INSERT INTO admin_permissions_role_links VALUES(78,78,1,62.999999999999998223);
INSERT INTO admin_permissions_role_links VALUES(79,79,1,64.000000000000003552);
INSERT INTO admin_permissions_role_links VALUES(80,80,1,65.0);
INSERT INTO admin_permissions_role_links VALUES(84,84,1,69.000000000000003552);
INSERT INTO admin_permissions_role_links VALUES(85,85,1,70.0);
INSERT INTO admin_permissions_role_links VALUES(89,89,1,74.000000000000003552);
INSERT INTO admin_permissions_role_links VALUES(90,90,1,75.0);
INSERT INTO admin_permissions_role_links VALUES(94,94,1,79.000000000000003552);
INSERT INTO admin_permissions_role_links VALUES(95,95,1,80.0);
INSERT INTO admin_permissions_role_links VALUES(96,96,1,80.999999999999996447);
INSERT INTO admin_permissions_role_links VALUES(98,98,1,83.000000000000007105);
INSERT INTO admin_permissions_role_links VALUES(100,100,1,85.0);
INSERT INTO admin_permissions_role_links VALUES(103,103,1,86.999999999999992894);
INSERT INTO admin_permissions_role_links VALUES(105,105,1,89.000000000000003552);
INSERT INTO admin_permissions_role_links VALUES(107,107,1,90.999999999999996447);
INSERT INTO admin_permissions_role_links VALUES(131,131,1,98.000000000000007105);
INSERT INTO admin_permissions_role_links VALUES(132,132,1,99.000000000000003552);
INSERT INTO admin_permissions_role_links VALUES(133,133,1,100.0);
INSERT INTO admin_permissions_role_links VALUES(134,134,1,101.00000000000000088);
INSERT INTO admin_permissions_role_links VALUES(135,135,1,102.00000000000000177);
INSERT INTO admin_permissions_role_links VALUES(136,136,1,103.00000000000000266);
INSERT INTO admin_permissions_role_links VALUES(137,137,1,104.00000000000000355);
INSERT INTO admin_permissions_role_links VALUES(138,138,1,105.00000000000000444);
CREATE TABLE IF NOT EXISTS "admin_users_roles_links" (`id` integer PRIMARY KEY AUTOINCREMENT NOT NULL, `user_id` integer NULL, `role_id` integer NULL, `role_order` float NULL, `user_order` float NULL, CONSTRAINT `admin_users_roles_links_fk` FOREIGN KEY (`user_id`) REFERENCES `admin_users` (`id`) ON DELETE CASCADE, CONSTRAINT `admin_users_roles_links_inv_fk` FOREIGN KEY (`role_id`) REFERENCES `admin_roles` (`id`) ON DELETE CASCADE, CONSTRAINT `admin_users_roles_links_fk` FOREIGN KEY (`user_id`) REFERENCES `admin_users` (`id`) ON DELETE CASCADE, CONSTRAINT `admin_users_roles_links_inv_fk` FOREIGN KEY (`role_id`) REFERENCES `admin_roles` (`id`) ON DELETE CASCADE);
INSERT INTO admin_users_roles_links VALUES(1,1,1,1.0,1.0);
CREATE TABLE IF NOT EXISTS "strapi_api_token_permissions_token_links" (`id` integer PRIMARY KEY AUTOINCREMENT NOT NULL, `api_token_permission_id` integer NULL, `api_token_id` integer NULL, `api_token_permission_order` float NULL, CONSTRAINT `strapi_api_token_permissions_token_links_fk` FOREIGN KEY (`api_token_permission_id`) REFERENCES `strapi_api_token_permissions` (`id`) ON DELETE CASCADE, CONSTRAINT `strapi_api_token_permissions_token_links_inv_fk` FOREIGN KEY (`api_token_id`) REFERENCES `strapi_api_tokens` (`id`) ON DELETE CASCADE, CONSTRAINT `strapi_api_token_permissions_token_links_fk` FOREIGN KEY (`api_token_permission_id`) REFERENCES `strapi_api_token_permissions` (`id`) ON DELETE CASCADE, CONSTRAINT `strapi_api_token_permissions_token_links_inv_fk` FOREIGN KEY (`api_token_id`) REFERENCES `strapi_api_tokens` (`id`) ON DELETE CASCADE);
CREATE TABLE IF NOT EXISTS "strapi_transfer_token_permissions_token_links" (`id` integer PRIMARY KEY AUTOINCREMENT NOT NULL, `transfer_token_permission_id` integer NULL, `transfer_token_id` integer NULL, `transfer_token_permission_order` float NULL, CONSTRAINT `strapi_transfer_token_permissions_token_links_fk` FOREIGN KEY (`transfer_token_permission_id`) REFERENCES `strapi_transfer_token_permissions` (`id`) ON DELETE CASCADE, CONSTRAINT `strapi_transfer_token_permissions_token_links_inv_fk` FOREIGN KEY (`transfer_token_id`) REFERENCES `strapi_transfer_tokens` (`id`) ON DELETE CASCADE, CONSTRAINT `strapi_transfer_token_permissions_token_links_fk` FOREIGN KEY (`transfer_token_permission_id`) REFERENCES `strapi_transfer_token_permissions` (`id`) ON DELETE CASCADE, CONSTRAINT `strapi_transfer_token_permissions_token_links_inv_fk` FOREIGN KEY (`transfer_token_id`) REFERENCES `strapi_transfer_tokens` (`id`) ON DELETE CASCADE);
CREATE TABLE IF NOT EXISTS "files_related_morphs" (`id` integer PRIMARY KEY AUTOINCREMENT NOT NULL, `file_id` integer NULL, `related_id` integer NULL, `related_type` varchar(255) NULL, `field` varchar(255) NULL, `order` float NULL, CONSTRAINT `files_related_morphs_fk` FOREIGN KEY (`file_id`) REFERENCES `files` (`id`) ON DELETE CASCADE, CONSTRAINT `files_related_morphs_fk` FOREIGN KEY (`file_id`) REFERENCES `files` (`id`) ON DELETE CASCADE);
INSERT INTO files_related_morphs VALUES(3,1,1,'api::articles.articles','covers',1.0);
INSERT INTO files_related_morphs VALUES(4,1,2,'api::articles.articles','covers',1.0);
CREATE TABLE IF NOT EXISTS "files_folder_links" (`id` integer PRIMARY KEY AUTOINCREMENT NOT NULL, `file_id` integer NULL, `folder_id` integer NULL, `file_order` float NULL, CONSTRAINT `files_folder_links_fk` FOREIGN KEY (`file_id`) REFERENCES `files` (`id`) ON DELETE CASCADE, CONSTRAINT `files_folder_links_inv_fk` FOREIGN KEY (`folder_id`) REFERENCES `upload_folders` (`id`) ON DELETE CASCADE, CONSTRAINT `files_folder_links_fk` FOREIGN KEY (`file_id`) REFERENCES `files` (`id`) ON DELETE CASCADE, CONSTRAINT `files_folder_links_inv_fk` FOREIGN KEY (`folder_id`) REFERENCES `upload_folders` (`id`) ON DELETE CASCADE);
CREATE TABLE IF NOT EXISTS "upload_folders_parent_links" (`id` integer PRIMARY KEY AUTOINCREMENT NOT NULL, `folder_id` integer NULL, `inv_folder_id` integer NULL, `folder_order` float NULL, CONSTRAINT `upload_folders_parent_links_fk` FOREIGN KEY (`folder_id`) REFERENCES `upload_folders` (`id`) ON DELETE CASCADE, CONSTRAINT `upload_folders_parent_links_inv_fk` FOREIGN KEY (`inv_folder_id`) REFERENCES `upload_folders` (`id`) ON DELETE CASCADE, CONSTRAINT `upload_folders_parent_links_fk` FOREIGN KEY (`folder_id`) REFERENCES `upload_folders` (`id`) ON DELETE CASCADE, CONSTRAINT `upload_folders_parent_links_inv_fk` FOREIGN KEY (`inv_folder_id`) REFERENCES `upload_folders` (`id`) ON DELETE CASCADE);
CREATE TABLE IF NOT EXISTS "up_permissions_role_links" (`id` integer PRIMARY KEY AUTOINCREMENT NOT NULL, `permission_id` integer NULL, `role_id` integer NULL, `permission_order` float NULL, CONSTRAINT `up_permissions_role_links_fk` FOREIGN KEY (`permission_id`) REFERENCES `up_permissions` (`id`) ON DELETE CASCADE, CONSTRAINT `up_permissions_role_links_inv_fk` FOREIGN KEY (`role_id`) REFERENCES `up_roles` (`id`) ON DELETE CASCADE, CONSTRAINT `up_permissions_role_links_fk` FOREIGN KEY (`permission_id`) REFERENCES `up_permissions` (`id`) ON DELETE CASCADE, CONSTRAINT `up_permissions_role_links_inv_fk` FOREIGN KEY (`role_id`) REFERENCES `up_roles` (`id`) ON DELETE CASCADE);
INSERT INTO up_permissions_role_links VALUES(1,1,1,1.0);
INSERT INTO up_permissions_role_links VALUES(2,2,1,2.0);
INSERT INTO up_permissions_role_links VALUES(3,3,2,1.0);
INSERT INTO up_permissions_role_links VALUES(4,4,2,2.0);
INSERT INTO up_permissions_role_links VALUES(5,5,2,3.0);
INSERT INTO up_permissions_role_links VALUES(6,6,2,4.0);
INSERT INTO up_permissions_role_links VALUES(7,7,2,5.0);
INSERT INTO up_permissions_role_links VALUES(8,8,2,6.0);
INSERT INTO up_permissions_role_links VALUES(9,9,2,7.0);
CREATE TABLE IF NOT EXISTS "up_users_role_links" (`id` integer PRIMARY KEY AUTOINCREMENT NOT NULL, `user_id` integer NULL, `role_id` integer NULL, `user_order` float NULL, CONSTRAINT `up_users_role_links_fk` FOREIGN KEY (`user_id`) REFERENCES `up_users` (`id`) ON DELETE CASCADE, CONSTRAINT `up_users_role_links_inv_fk` FOREIGN KEY (`role_id`) REFERENCES `up_roles` (`id`) ON DELETE CASCADE, CONSTRAINT `up_users_role_links_fk` FOREIGN KEY (`user_id`) REFERENCES `up_users` (`id`) ON DELETE CASCADE, CONSTRAINT `up_users_role_links_inv_fk` FOREIGN KEY (`role_id`) REFERENCES `up_roles` (`id`) ON DELETE CASCADE);
CREATE TABLE IF NOT EXISTS "universal_quotes" (`id` integer PRIMARY KEY AUTOINCREMENT NOT NULL, `sentence` text NULL, `created_at` datetime NULL, `updated_at` datetime NULL, `published_at` datetime NULL, `created_by_id` integer NULL, `updated_by_id` integer NULL, `locale` varchar(255) NULL, `date` date null, `country` varchar(255) null, `city` varchar(255) null, CONSTRAINT `universal_quotes_created_by_id_fk` FOREIGN KEY (`created_by_id`) REFERENCES `admin_users` (`id`) ON DELETE SET NULL, CONSTRAINT `universal_quotes_updated_by_id_fk` FOREIGN KEY (`updated_by_id`) REFERENCES `admin_users` (`id`) ON DELETE SET NULL, CONSTRAINT `universal_quotes_created_by_id_fk` FOREIGN KEY (`created_by_id`) REFERENCES `admin_users` (`id`) ON DELETE SET NULL, CONSTRAINT `universal_quotes_updated_by_id_fk` FOREIGN KEY (`updated_by_id`) REFERENCES `admin_users` (`id`) ON DELETE SET NULL);
CREATE TABLE IF NOT EXISTS "universal_quotes_localizations_links" (`id` integer PRIMARY KEY AUTOINCREMENT NOT NULL, `universalquotes_id` integer NULL, `inv_universalquotes_id` integer NULL, `universalquotes_order` float NULL, CONSTRAINT `universal_quotes_localizations_links_fk` FOREIGN KEY (`universalquotes_id`) REFERENCES `universal_quotes` (`id`) ON DELETE CASCADE, CONSTRAINT `universal_quotes_localizations_links_inv_fk` FOREIGN KEY (`inv_universalquotes_id`) REFERENCES `universal_quotes` (`id`) ON DELETE CASCADE, CONSTRAINT `universal_quotes_localizations_links_fk` FOREIGN KEY (`universalquotes_id`) REFERENCES `universal_quotes` (`id`) ON DELETE CASCADE, CONSTRAINT `universal_quotes_localizations_links_inv_fk` FOREIGN KEY (`inv_universalquotes_id`) REFERENCES `universal_quotes` (`id`) ON DELETE CASCADE);
CREATE TABLE IF NOT EXISTS "article_localizations_links" (`id` integer PRIMARY KEY AUTOINCREMENT NOT NULL, `articles_id` integer NULL, `inv_articles_id` integer NULL, `articles_order` float NULL, CONSTRAINT `article_localizations_links_fk` FOREIGN KEY (`articles_id`) REFERENCES `article` (`id`) ON DELETE CASCADE, CONSTRAINT `article_localizations_links_inv_fk` FOREIGN KEY (`inv_articles_id`) REFERENCES `article` (`id`) ON DELETE CASCADE, CONSTRAINT `article_localizations_links_fk` FOREIGN KEY (`articles_id`) REFERENCES `article` (`id`) ON DELETE CASCADE, CONSTRAINT `article_localizations_links_inv_fk` FOREIGN KEY (`inv_articles_id`) REFERENCES `article` (`id`) ON DELETE CASCADE);
INSERT INTO article_localizations_links VALUES(1,2,1,1.0);
INSERT INTO article_localizations_links VALUES(2,1,2,1.0);
CREATE TABLE IF NOT EXISTS "countries" (`id` integer PRIMARY KEY AUTOINCREMENT NOT NULL, `name` varchar(255) NULL, `created_at` datetime NULL, `updated_at` datetime NULL, `published_at` datetime NULL, `created_by_id` integer NULL, `updated_by_id` integer NULL, `locale` varchar(255) NULL, CONSTRAINT `countries_created_by_id_fk` FOREIGN KEY (`created_by_id`) REFERENCES `admin_users` (`id`) ON DELETE SET NULL, CONSTRAINT `countries_updated_by_id_fk` FOREIGN KEY (`updated_by_id`) REFERENCES `admin_users` (`id`) ON DELETE SET NULL, CONSTRAINT `countries_created_by_id_fk` FOREIGN KEY (`created_by_id`) REFERENCES `admin_users` (`id`) ON DELETE SET NULL, CONSTRAINT `countries_updated_by_id_fk` FOREIGN KEY (`updated_by_id`) REFERENCES `admin_users` (`id`) ON DELETE SET NULL);
INSERT INTO countries VALUES(1,'Czechia',1697989352599,1697989941339,1697989941329,1,1,'en');
INSERT INTO countries VALUES(2,'',1697989845340,1697990959213,1697990959207,1,1,'zh-CN');
CREATE TABLE IF NOT EXISTS "countries_localizations_links" (`id` integer PRIMARY KEY AUTOINCREMENT NOT NULL, `country_id` integer NULL, `inv_country_id` integer NULL, `country_order` float NULL, CONSTRAINT `countries_localizations_links_fk` FOREIGN KEY (`country_id`) REFERENCES `countries` (`id`) ON DELETE CASCADE, CONSTRAINT `countries_localizations_links_inv_fk` FOREIGN KEY (`inv_country_id`) REFERENCES `countries` (`id`) ON DELETE CASCADE, CONSTRAINT `countries_localizations_links_fk` FOREIGN KEY (`country_id`) REFERENCES `countries` (`id`) ON DELETE CASCADE, CONSTRAINT `countries_localizations_links_inv_fk` FOREIGN KEY (`inv_country_id`) REFERENCES `countries` (`id`) ON DELETE CASCADE);
INSERT INTO countries_localizations_links VALUES(1,2,1,1.0);
INSERT INTO countries_localizations_links VALUES(2,1,2,1.0);
CREATE TABLE IF NOT EXISTS "continents" (`id` integer PRIMARY KEY AUTOINCREMENT NOT NULL, `name` varchar(255) NULL, `created_at` datetime NULL, `updated_at` datetime NULL, `published_at` datetime NULL, `created_by_id` integer NULL, `updated_by_id` integer NULL, `locale` varchar(255) NULL, CONSTRAINT `continents_created_by_id_fk` FOREIGN KEY (`created_by_id`) REFERENCES `admin_users` (`id`) ON DELETE SET NULL, CONSTRAINT `continents_updated_by_id_fk` FOREIGN KEY (`updated_by_id`) REFERENCES `admin_users` (`id`) ON DELETE SET NULL, CONSTRAINT `continents_created_by_id_fk` FOREIGN KEY (`created_by_id`) REFERENCES `admin_users` (`id`) ON DELETE SET NULL, CONSTRAINT `continents_updated_by_id_fk` FOREIGN KEY (`updated_by_id`) REFERENCES `admin_users` (`id`) ON DELETE SET NULL);
INSERT INTO continents VALUES(1,'',1697988523977,1697988564342,NULL,1,1,'zh-CN');
INSERT INTO continents VALUES(2,'East Asia',1697988564323,1697988752092,1697988752082,1,1,'en');
INSERT INTO continents VALUES(3,'South Asia',1697988619598,1697988755359,1697988755349,1,1,'en');
INSERT INTO continents VALUES(4,'',1697988631295,1697988631295,NULL,1,1,'zh-CN');
INSERT INTO continents VALUES(5,'Southeast Asia',1697988652541,1697988725543,1697988725538,1,1,'en');
INSERT INTO continents VALUES(6,'',1697988660481,1697988660481,NULL,1,1,'zh-CN');
INSERT INTO continents VALUES(7,'West Asia',1697988672978,1697988735666,1697988735663,1,1,'en');
INSERT INTO continents VALUES(8,'',1697988689806,1697988689806,NULL,1,1,'zh-CN');
INSERT INTO continents VALUES(9,'Central Asia',1697988710077,1697988730656,1697988730648,1,1,'en');
INSERT INTO continents VALUES(10,'',1697988718814,1697988720289,1697988720278,1,1,'zh-CN');
INSERT INTO continents VALUES(11,'Western Europe',1697988772428,1697988782679,1697990016628,1,1,'en');
INSERT INTO continents VALUES(12,'',1697988782664,1697988783558,1697988783555,1,1,'zh-CN');
INSERT INTO continents VALUES(13,'Northern Europe',1697988801764,1697988810796,1697990009780,1,1,'en');
INSERT INTO continents VALUES(14,'',1697988810781,1697988812351,1697988812348,1,1,'zh-CN');
INSERT INTO continents VALUES(15,'Southern Europe',1697988823093,1697988831654,1697990009780,1,1,'en');
INSERT INTO continents VALUES(16,'',1697988831643,1697988832962,1697988832957,1,1,'zh-CN');
INSERT INTO continents VALUES(17,'Eastern Europe',1697988845728,1697988857966,1697989997096,1,1,'en');
INSERT INTO continents VALUES(18,'',1697988857946,1697988859448,1697988859438,1,1,'zh-CN');
INSERT INTO continents VALUES(19,'Central Europe',1697988875443,1697989960642,1697989960633,1,1,'en');
INSERT INTO continents VALUES(20,'',1697988883103,1697988884435,1697988884430,1,1,'zh-CN');
INSERT INTO continents VALUES(21,'North Africa',1697988896223,1697988905408,1697990009780,1,1,'en');
INSERT INTO continents VALUES(22,'',1697988905393,1697988906672,1697988906668,1,1,'zh-CN');
INSERT INTO continents VALUES(23,'West Africa',1697988922939,1697988927346,1697990016628,1,1,'en');
INSERT INTO continents VALUES(24,'',1697988927331,1697988928661,1697988928658,1,1,'zh-CN');
INSERT INTO continents VALUES(25,'East Africa',1697988939384,1697988949364,1697989997096,1,1,'en');
INSERT INTO continents VALUES(26,'',1697988949352,1697988950718,1697988950712,1,1,'zh-CN');
INSERT INTO continents VALUES(27,'Central Africa',1697988961610,1697989979623,1697989979619,1,1,'en');
INSERT INTO continents VALUES(28,'',1697988971175,1697988972332,1697988972324,1,1,'zh-CN');
INSERT INTO continents VALUES(29,'Southern Africa',1697988982484,1697988991183,1697990009780,1,1,'en');
INSERT INTO continents VALUES(30,'',1697988991172,1697988992345,1697988992332,1,1,'zh-CN');
INSERT INTO continents VALUES(31,'United States and Canada',1697989020868,1697989028771,1697990009780,1,1,'en');
INSERT INTO continents VALUES(32,'',1697989028760,1697989029653,1697989029651,1,1,'zh-CN');
INSERT INTO continents VALUES(33,'Mexico',1697989041949,1697989049770,1697990009780,1,1,'en');
INSERT INTO continents VALUES(34,'',1697989049757,1697989050824,1697989050815,1,1,'zh-CN');
INSERT INTO continents VALUES(35,'Central America',1697989063373,1697989982644,1697989982629,1,1,'en');
INSERT INTO continents VALUES(36,'',1697989071420,1697989072688,1697989072684,1,1,'zh-CN');
INSERT INTO continents VALUES(37,'Caribbean',1697989082533,1697989976626,1697989976618,1,1,'en');
INSERT INTO continents VALUES(38,'',1697989094384,1697989094384,NULL,1,1,'zh-CN');
INSERT INTO continents VALUES(39,'Andean States',1697989114674,1697989970290,1697989970282,1,1,'en');
INSERT INTO continents VALUES(40,'',1697989118622,1697989119685,1697989119679,1,1,'zh-CN');
INSERT INTO continents VALUES(41,'Southern Cone',1697989130560,1697989139650,1697990009780,1,1,'en');
INSERT INTO continents VALUES(42,'',1697989139637,1697989140754,1697989140750,1,1,'zh-CN');
INSERT INTO continents VALUES(43,'Oceania',1697989158617,1697989165449,1697990009780,1,1,'en');
INSERT INTO continents VALUES(44,'',1697989165431,1697989166313,1697989166306,1,1,'zh-CN');
INSERT INTO continents VALUES(45,'Antarctica',1697989178654,1697989973420,1697989973413,1,1,'en');
INSERT INTO continents VALUES(46,'',1697989188318,1697989189735,1697989189730,1,1,'zh-CN');
CREATE TABLE IF NOT EXISTS "continents_localizations_links" (`id` integer PRIMARY KEY AUTOINCREMENT NOT NULL, `continent_id` integer NULL, `inv_continent_id` integer NULL, `continent_order` float NULL, CONSTRAINT `continents_localizations_links_fk` FOREIGN KEY (`continent_id`) REFERENCES `continents` (`id`) ON DELETE CASCADE, CONSTRAINT `continents_localizations_links_inv_fk` FOREIGN KEY (`inv_continent_id`) REFERENCES `continents` (`id`) ON DELETE CASCADE, CONSTRAINT `continents_localizations_links_fk` FOREIGN KEY (`continent_id`) REFERENCES `continents` (`id`) ON DELETE CASCADE, CONSTRAINT `continents_localizations_links_inv_fk` FOREIGN KEY (`inv_continent_id`) REFERENCES `continents` (`id`) ON DELETE CASCADE);
INSERT INTO continents_localizations_links VALUES(1,2,1,1.0);
INSERT INTO continents_localizations_links VALUES(2,1,2,1.0);
INSERT INTO continents_localizations_links VALUES(3,4,3,1.0);
INSERT INTO continents_localizations_links VALUES(4,3,4,1.0);
INSERT INTO continents_localizations_links VALUES(5,6,5,1.0);
INSERT INTO continents_localizations_links VALUES(6,5,6,1.0);
INSERT INTO continents_localizations_links VALUES(7,8,7,1.0);
INSERT INTO continents_localizations_links VALUES(8,7,8,1.0);
INSERT INTO continents_localizations_links VALUES(9,10,9,1.0);
INSERT INTO continents_localizations_links VALUES(10,9,10,1.0);
INSERT INTO continents_localizations_links VALUES(11,12,11,1.0);
INSERT INTO continents_localizations_links VALUES(12,11,12,1.0);
INSERT INTO continents_localizations_links VALUES(13,14,13,1.0);
INSERT INTO continents_localizations_links VALUES(14,13,14,1.0);
INSERT INTO continents_localizations_links VALUES(15,16,15,1.0);
INSERT INTO continents_localizations_links VALUES(16,15,16,1.0);
INSERT INTO continents_localizations_links VALUES(17,18,17,1.0);
INSERT INTO continents_localizations_links VALUES(18,17,18,1.0);
INSERT INTO continents_localizations_links VALUES(19,20,19,1.0);
INSERT INTO continents_localizations_links VALUES(20,19,20,1.0);
INSERT INTO continents_localizations_links VALUES(21,22,21,1.0);
INSERT INTO continents_localizations_links VALUES(22,21,22,1.0);
INSERT INTO continents_localizations_links VALUES(23,24,23,1.0);
INSERT INTO continents_localizations_links VALUES(24,23,24,1.0);
INSERT INTO continents_localizations_links VALUES(25,26,25,1.0);
INSERT INTO continents_localizations_links VALUES(26,25,26,1.0);
INSERT INTO continents_localizations_links VALUES(27,28,27,1.0);
INSERT INTO continents_localizations_links VALUES(28,27,28,1.0);
INSERT INTO continents_localizations_links VALUES(29,30,29,1.0);
INSERT INTO continents_localizations_links VALUES(30,29,30,1.0);
INSERT INTO continents_localizations_links VALUES(31,32,31,1.0);
INSERT INTO continents_localizations_links VALUES(32,31,32,1.0);
INSERT INTO continents_localizations_links VALUES(33,34,33,1.0);
INSERT INTO continents_localizations_links VALUES(34,33,34,1.0);
INSERT INTO continents_localizations_links VALUES(35,36,35,1.0);
INSERT INTO continents_localizations_links VALUES(36,35,36,1.0);
INSERT INTO continents_localizations_links VALUES(37,38,37,1.0);
INSERT INTO continents_localizations_links VALUES(38,37,38,1.0);
INSERT INTO continents_localizations_links VALUES(39,40,39,1.0);
INSERT INTO continents_localizations_links VALUES(40,39,40,1.0);
INSERT INTO continents_localizations_links VALUES(41,42,41,1.0);
INSERT INTO continents_localizations_links VALUES(42,41,42,1.0);
INSERT INTO continents_localizations_links VALUES(43,44,43,1.0);
INSERT INTO continents_localizations_links VALUES(44,43,44,1.0);
INSERT INTO continents_localizations_links VALUES(45,46,45,1.0);
INSERT INTO continents_localizations_links VALUES(46,45,46,1.0);
CREATE TABLE IF NOT EXISTS "countries_continent_links" (`id` integer PRIMARY KEY AUTOINCREMENT NOT NULL, `country_id` integer NULL, `continent_id` integer NULL, `country_order` float NULL, CONSTRAINT `countries_continent_links_fk` FOREIGN KEY (`country_id`) REFERENCES `countries` (`id`) ON DELETE CASCADE, CONSTRAINT `countries_continent_links_inv_fk` FOREIGN KEY (`continent_id`) REFERENCES `continents` (`id`) ON DELETE CASCADE, CONSTRAINT `countries_continent_links_fk` FOREIGN KEY (`country_id`) REFERENCES `countries` (`id`) ON DELETE CASCADE, CONSTRAINT `countries_continent_links_inv_fk` FOREIGN KEY (`continent_id`) REFERENCES `continents` (`id`) ON DELETE CASCADE);
INSERT INTO countries_continent_links VALUES(1,1,19,1.0);
INSERT INTO countries_continent_links VALUES(2,2,20,1.0);
CREATE TABLE IF NOT EXISTS "article_country_links" (`id` integer PRIMARY KEY AUTOINCREMENT NOT NULL, `articles_id` integer NULL, `country_id` integer NULL, `articles_order` float NULL, CONSTRAINT `article_country_links_fk` FOREIGN KEY (`articles_id`) REFERENCES `article` (`id`) ON DELETE CASCADE, CONSTRAINT `article_country_links_inv_fk` FOREIGN KEY (`country_id`) REFERENCES `countries` (`id`) ON DELETE CASCADE, CONSTRAINT `article_country_links_fk` FOREIGN KEY (`articles_id`) REFERENCES `article` (`id`) ON DELETE CASCADE, CONSTRAINT `article_country_links_inv_fk` FOREIGN KEY (`country_id`) REFERENCES `countries` (`id`) ON DELETE CASCADE);
INSERT INTO article_country_links VALUES(1,1,1,1.0);
INSERT INTO article_country_links VALUES(2,2,2,0.0);
CREATE TABLE IF NOT EXISTS "article" (`id` integer PRIMARY KEY AUTOINCREMENT NOT NULL, `title` varchar(255) NULL, `date` date NULL, `content` text NULL, `created_at` datetime NULL, `updated_at` datetime NULL, `published_at` datetime NULL, `created_by_id` integer NULL, `updated_by_id` integer NULL, `locale` varchar(255) NULL, CONSTRAINT `article_created_by_id_fk` FOREIGN KEY (`created_by_id`) REFERENCES `admin_users` (`id`) ON DELETE SET NULL, CONSTRAINT `article_updated_by_id_fk` FOREIGN KEY (`updated_by_id`) REFERENCES `admin_users` (`id`) ON DELETE SET NULL, CONSTRAINT `article_created_by_id_fk` FOREIGN KEY (`created_by_id`) REFERENCES `admin_users` (`id`) ON DELETE SET NULL, CONSTRAINT `article_updated_by_id_fk` FOREIGN KEY (`updated_by_id`) REFERENCES `admin_users` (`id`) ON DELETE SET NULL);
INSERT INTO article VALUES(1,'Czech, Prague','2022-01-01',replace('Across from my residence was a blues bar, where every night, I''d occupy a table alone, listening to four bald Bohemian men play the most enjoyable Jazz I''ve ever heard, sipping a Mojito until midnight. Not until the sixth night did I meet a 26-year-old Czech historian and writer at the next table, who was also alone. We subsequently spent an entire day tracing the historical footsteps of Prague during World War II, mourning in front of Wenceslas Square and the National Museum, taking the light rail to the desolate outskirts, listening to him passionately tell me about the blood once spilled on this land under our feet and the legends that no one inquires about.\n\n"In 1945, Prague had only 500,000 people, 300,000 of whom took to the streets to fight the Nazis, with the remaining 200,000 providing logistical support for those 300,000. The Gestapo headquarters, the battle of the radio, Operation Anthropoid, Nicholas Winton... We have many, many good stories that deserve to be heard by more people. Even when hundreds of thousands of Czechs were expelled during World War II, they never stopped fighting back against the Nazis. You could see Czech soldiers in London, Paris, the Soviet Union, and even Shanghai, India, and the Philippines. We didn''t have the ability to fight the Nazis on our own land, but we could at least help those countries that did."\n\n"From the moment I first read about Operation Anthropoid in a textbook at the age of 8, I decided to become a historian. I couldn''t become a hero, but I could be someone who lets more people know about heroes. Too many tourists come to Prague to take pictures and then leave, which I''m not happy about; I want to do something. Maybe our history is not as magnificent and long as that of France, Britain, or your country, but every Czech is genuinely proud of their country, not for political reasons or populism, but because every Czech''s ancestors have participated to some extent in the resistance and independence of this country."\n\nWalking the streets of Prague, my deepest impression is that this city belongs to the pigeons. They are in the town squares, on the battlements of Charles Bridge, on the surface of the Vltava River, on the head of the Hus statue, on the heads of every statue you can see. Almost every one.\n\nMany papal figures'' statues often wear Gothic pointed crowns, symbolizing the supremacy of divine power and their own unattainability. People kneel in worship, but pigeons don''t care about these. The towering and hollow crowns are often the best places to excrete, and the statues of scholars and religious reformers with flat or even pointed tops are the favorite habitats of flocks of pigeons. There are always some people, always some beliefs, fearless of the changes in the world.','\n',char(10)),1697989752002,1697990915788,1697990915784,1,1,'en');
INSERT INTO article VALUES(2,'','2022-01-01',replace('Jazz26\n\n194550302030\n\n8\n\n1\n\n\n\n\n','\n',char(10)),1697989823114,1697990977770,1697990977763,1,1,'zh-CN');
CREATE TABLE IF NOT EXISTS "types" (`id` integer PRIMARY KEY AUTOINCREMENT NOT NULL, `article_type` varchar(255) NULL, `created_at` datetime NULL, `updated_at` datetime NULL, `published_at` datetime NULL, `created_by_id` integer NULL, `updated_by_id` integer NULL, CONSTRAINT `types_created_by_id_fk` FOREIGN KEY (`created_by_id`) REFERENCES `admin_users` (`id`) ON DELETE SET NULL, CONSTRAINT `types_updated_by_id_fk` FOREIGN KEY (`updated_by_id`) REFERENCES `admin_users` (`id`) ON DELETE SET NULL, CONSTRAINT `types_created_by_id_fk` FOREIGN KEY (`created_by_id`) REFERENCES `admin_users` (`id`) ON DELETE SET NULL, CONSTRAINT `types_updated_by_id_fk` FOREIGN KEY (`updated_by_id`) REFERENCES `admin_users` (`id`) ON DELETE SET NULL);
INSERT INTO types VALUES(1,'human',1697990855897,1697990857704,1697990857700,1,1);
INSERT INTO types VALUES(2,'landscape',1697990866749,1697990867587,1697990867584,1,1);
CREATE TABLE IF NOT EXISTS "article_article_type_links" (`id` integer PRIMARY KEY AUTOINCREMENT NOT NULL, `articles_id` integer NULL, `type_id` integer NULL, `articles_order` float NULL, CONSTRAINT `article_article_type_links_fk` FOREIGN KEY (`articles_id`) REFERENCES `article` (`id`) ON DELETE CASCADE, CONSTRAINT `article_article_type_links_inv_fk` FOREIGN KEY (`type_id`) REFERENCES `types` (`id`) ON DELETE CASCADE, CONSTRAINT `article_article_type_links_fk` FOREIGN KEY (`articles_id`) REFERENCES `article` (`id`) ON DELETE CASCADE, CONSTRAINT `article_article_type_links_inv_fk` FOREIGN KEY (`type_id`) REFERENCES `types` (`id`) ON DELETE CASCADE);
INSERT INTO article_article_type_links VALUES(1,1,1,1.0);
INSERT INTO article_article_type_links VALUES(2,2,1,2.0);
DELETE FROM sqlite_sequence;
INSERT INTO sqlite_sequence VALUES('admin_permissions',138);
INSERT INTO sqlite_sequence VALUES('admin_users',1);
INSERT INTO sqlite_sequence VALUES('admin_roles',3);
INSERT INTO sqlite_sequence VALUES('strapi_api_tokens',0);
INSERT INTO sqlite_sequence VALUES('strapi_api_token_permissions',0);
INSERT INTO sqlite_sequence VALUES('strapi_transfer_tokens',0);
INSERT INTO sqlite_sequence VALUES('strapi_transfer_token_permissions',0);
INSERT INTO sqlite_sequence VALUES('files',1);
INSERT INTO sqlite_sequence VALUES('upload_folders',0);
INSERT INTO sqlite_sequence VALUES('up_permissions',9);
INSERT INTO sqlite_sequence VALUES('up_roles',2);
INSERT INTO sqlite_sequence VALUES('up_users',0);
INSERT INTO sqlite_sequence VALUES('i18n_locale',2);
INSERT INTO sqlite_sequence VALUES('admin_permissions_role_links',138);
INSERT INTO sqlite_sequence VALUES('admin_users_roles_links',1);
INSERT INTO sqlite_sequence VALUES('strapi_api_token_permissions_token_links',0);
INSERT INTO sqlite_sequence VALUES('strapi_transfer_token_permissions_token_links',0);
INSERT INTO sqlite_sequence VALUES('files_related_morphs',4);
INSERT INTO sqlite_sequence VALUES('files_folder_links',0);
INSERT INTO sqlite_sequence VALUES('upload_folders_parent_links',0);
INSERT INTO sqlite_sequence VALUES('up_permissions_role_links',9);
INSERT INTO sqlite_sequence VALUES('up_users_role_links',0);
INSERT INTO sqlite_sequence VALUES('strapi_database_schema',15);
INSERT INTO sqlite_sequence VALUES('strapi_core_store_settings',28);
INSERT INTO sqlite_sequence VALUES('universal_quotes',0);
INSERT INTO sqlite_sequence VALUES('universal_quotes_localizations_links',0);
INSERT INTO sqlite_sequence VALUES('article_localizations_links',2);
INSERT INTO sqlite_sequence VALUES('countries',2);
INSERT INTO sqlite_sequence VALUES('countries_localizations_links',2);
INSERT INTO sqlite_sequence VALUES('continents',46);
INSERT INTO sqlite_sequence VALUES('continents_localizations_links',46);
INSERT INTO sqlite_sequence VALUES('countries_continent_links',2);
INSERT INTO sqlite_sequence VALUES('article_country_links',2);
INSERT INTO sqlite_sequence VALUES('article',2);
INSERT INTO sqlite_sequence VALUES('types',2);
INSERT INTO sqlite_sequence VALUES('article_article_type_links',2);
CREATE INDEX `admin_permissions_created_by_id_fk` on `admin_permissions` (`created_by_id`);
CREATE INDEX `admin_permissions_updated_by_id_fk` on `admin_permissions` (`updated_by_id`);
CREATE INDEX `admin_users_created_by_id_fk` on `admin_users` (`created_by_id`);
CREATE INDEX `admin_users_updated_by_id_fk` on `admin_users` (`updated_by_id`);
CREATE INDEX `admin_roles_created_by_id_fk` on `admin_roles` (`created_by_id`);
CREATE INDEX `admin_roles_updated_by_id_fk` on `admin_roles` (`updated_by_id`);
CREATE INDEX `strapi_api_tokens_created_by_id_fk` on `strapi_api_tokens` (`created_by_id`);
CREATE INDEX `strapi_api_tokens_updated_by_id_fk` on `strapi_api_tokens` (`updated_by_id`);
CREATE INDEX `strapi_api_token_permissions_created_by_id_fk` on `strapi_api_token_permissions` (`created_by_id`);
CREATE INDEX `strapi_api_token_permissions_updated_by_id_fk` on `strapi_api_token_permissions` (`updated_by_id`);
CREATE INDEX `strapi_transfer_tokens_created_by_id_fk` on `strapi_transfer_tokens` (`created_by_id`);
CREATE INDEX `strapi_transfer_tokens_updated_by_id_fk` on `strapi_transfer_tokens` (`updated_by_id`);
CREATE INDEX `strapi_transfer_token_permissions_created_by_id_fk` on `strapi_transfer_token_permissions` (`created_by_id`);
CREATE INDEX `strapi_transfer_token_permissions_updated_by_id_fk` on `strapi_transfer_token_permissions` (`updated_by_id`);
CREATE INDEX `upload_files_folder_path_index` on `files` (`folder_path`);
CREATE INDEX `upload_files_created_at_index` on `files` (`created_at`);
CREATE INDEX `upload_files_updated_at_index` on `files` (`updated_at`);
CREATE INDEX `upload_files_name_index` on `files` (`name`);
CREATE INDEX `upload_files_size_index` on `files` (`size`);
CREATE INDEX `upload_files_ext_index` on `files` (`ext`);
CREATE INDEX `files_created_by_id_fk` on `files` (`created_by_id`);
CREATE INDEX `files_updated_by_id_fk` on `files` (`updated_by_id`);
CREATE UNIQUE INDEX `upload_folders_path_id_index` on `upload_folders` (`path_id`);
CREATE UNIQUE INDEX `upload_folders_path_index` on `upload_folders` (`path`);
CREATE INDEX `upload_folders_created_by_id_fk` on `upload_folders` (`created_by_id`);
CREATE INDEX `upload_folders_updated_by_id_fk` on `upload_folders` (`updated_by_id`);
CREATE INDEX `up_permissions_created_by_id_fk` on `up_permissions` (`created_by_id`);
CREATE INDEX `up_permissions_updated_by_id_fk` on `up_permissions` (`updated_by_id`);
CREATE INDEX `up_roles_created_by_id_fk` on `up_roles` (`created_by_id`);
CREATE INDEX `up_roles_updated_by_id_fk` on `up_roles` (`updated_by_id`);
CREATE INDEX `up_users_created_by_id_fk` on `up_users` (`created_by_id`);
CREATE INDEX `up_users_updated_by_id_fk` on `up_users` (`updated_by_id`);
CREATE INDEX `i18n_locale_created_by_id_fk` on `i18n_locale` (`created_by_id`);
CREATE INDEX `i18n_locale_updated_by_id_fk` on `i18n_locale` (`updated_by_id`);
CREATE INDEX `admin_permissions_role_links_fk` on `admin_permissions_role_links` (`permission_id`);
CREATE INDEX `admin_permissions_role_links_inv_fk` on `admin_permissions_role_links` (`role_id`);
CREATE UNIQUE INDEX `admin_permissions_role_links_unique` on `admin_permissions_role_links` (`permission_id`, `role_id`);
CREATE INDEX `admin_permissions_role_links_order_inv_fk` on `admin_permissions_role_links` (`permission_order`);
CREATE INDEX `admin_users_roles_links_fk` on `admin_users_roles_links` (`user_id`);
CREATE INDEX `admin_users_roles_links_inv_fk` on `admin_users_roles_links` (`role_id`);
CREATE UNIQUE INDEX `admin_users_roles_links_unique` on `admin_users_roles_links` (`user_id`, `role_id`);
CREATE INDEX `admin_users_roles_links_order_fk` on `admin_users_roles_links` (`role_order`);
CREATE INDEX `admin_users_roles_links_order_inv_fk` on `admin_users_roles_links` (`user_order`);
CREATE INDEX `strapi_api_token_permissions_token_links_fk` on `strapi_api_token_permissions_token_links` (`api_token_permission_id`);
CREATE INDEX `strapi_api_token_permissions_token_links_inv_fk` on `strapi_api_token_permissions_token_links` (`api_token_id`);
CREATE UNIQUE INDEX `strapi_api_token_permissions_token_links_unique` on `strapi_api_token_permissions_token_links` (`api_token_permission_id`, `api_token_id`);
CREATE INDEX `strapi_api_token_permissions_token_links_order_inv_fk` on `strapi_api_token_permissions_token_links` (`api_token_permission_order`);
CREATE INDEX `strapi_transfer_token_permissions_token_links_fk` on `strapi_transfer_token_permissions_token_links` (`transfer_token_permission_id`);
CREATE INDEX `strapi_transfer_token_permissions_token_links_inv_fk` on `strapi_transfer_token_permissions_token_links` (`transfer_token_id`);
CREATE UNIQUE INDEX `strapi_transfer_token_permissions_token_links_unique` on `strapi_transfer_token_permissions_token_links` (`transfer_token_permission_id`, `transfer_token_id`);
CREATE INDEX `strapi_transfer_token_permissions_token_links_order_inv_fk` on `strapi_transfer_token_permissions_token_links` (`transfer_token_permission_order`);
CREATE INDEX `files_related_morphs_fk` on `files_related_morphs` (`file_id`);
CREATE INDEX `files_related_morphs_order_index` on `files_related_morphs` (`order`);
CREATE INDEX `files_related_morphs_id_column_index` on `files_related_morphs` (`related_id`);
CREATE INDEX `files_folder_links_fk` on `files_folder_links` (`file_id`);
CREATE INDEX `files_folder_links_inv_fk` on `files_folder_links` (`folder_id`);
CREATE UNIQUE INDEX `files_folder_links_unique` on `files_folder_links` (`file_id`, `folder_id`);
CREATE INDEX `files_folder_links_order_inv_fk` on `files_folder_links` (`file_order`);
CREATE INDEX `upload_folders_parent_links_fk` on `upload_folders_parent_links` (`folder_id`);
CREATE INDEX `upload_folders_parent_links_inv_fk` on `upload_folders_parent_links` (`inv_folder_id`);
CREATE UNIQUE INDEX `upload_folders_parent_links_unique` on `upload_folders_parent_links` (`folder_id`, `inv_folder_id`);
CREATE INDEX `upload_folders_parent_links_order_inv_fk` on `upload_folders_parent_links` (`folder_order`);
CREATE INDEX `up_permissions_role_links_fk` on `up_permissions_role_links` (`permission_id`);
CREATE INDEX `up_permissions_role_links_inv_fk` on `up_permissions_role_links` (`role_id`);
CREATE UNIQUE INDEX `up_permissions_role_links_unique` on `up_permissions_role_links` (`permission_id`, `role_id`);
CREATE INDEX `up_permissions_role_links_order_inv_fk` on `up_permissions_role_links` (`permission_order`);
CREATE INDEX `up_users_role_links_fk` on `up_users_role_links` (`user_id`);
CREATE INDEX `up_users_role_links_inv_fk` on `up_users_role_links` (`role_id`);
CREATE UNIQUE INDEX `up_users_role_links_unique` on `up_users_role_links` (`user_id`, `role_id`);
CREATE INDEX `up_users_role_links_order_inv_fk` on `up_users_role_links` (`user_order`);
CREATE INDEX `universal_quotes_created_by_id_fk` on `universal_quotes` (`created_by_id`);
CREATE INDEX `universal_quotes_updated_by_id_fk` on `universal_quotes` (`updated_by_id`);
CREATE INDEX `universal_quotes_localizations_links_fk` on `universal_quotes_localizations_links` (`universalquotes_id`);
CREATE INDEX `universal_quotes_localizations_links_inv_fk` on `universal_quotes_localizations_links` (`inv_universalquotes_id`);
CREATE UNIQUE INDEX `universal_quotes_localizations_links_unique` on `universal_quotes_localizations_links` (`universalquotes_id`, `inv_universalquotes_id`);
CREATE INDEX `universal_quotes_localizations_links_order_fk` on `universal_quotes_localizations_links` (`universalquotes_order`);
CREATE INDEX `article_localizations_links_fk` on `article_localizations_links` (`articles_id`);
CREATE INDEX `article_localizations_links_inv_fk` on `article_localizations_links` (`inv_articles_id`);
CREATE UNIQUE INDEX `article_localizations_links_unique` on `article_localizations_links` (`articles_id`, `inv_articles_id`);
CREATE INDEX `article_localizations_links_order_fk` on `article_localizations_links` (`articles_order`);
CREATE INDEX `countries_created_by_id_fk` on `countries` (`created_by_id`);
CREATE INDEX `countries_updated_by_id_fk` on `countries` (`updated_by_id`);
CREATE INDEX `countries_localizations_links_fk` on `countries_localizations_links` (`country_id`);
CREATE INDEX `countries_localizations_links_inv_fk` on `countries_localizations_links` (`inv_country_id`);
CREATE UNIQUE INDEX `countries_localizations_links_unique` on `countries_localizations_links` (`country_id`, `inv_country_id`);
CREATE INDEX `countries_localizations_links_order_fk` on `countries_localizations_links` (`country_order`);
CREATE INDEX `continents_created_by_id_fk` on `continents` (`created_by_id`);
CREATE INDEX `continents_updated_by_id_fk` on `continents` (`updated_by_id`);
CREATE INDEX `continents_localizations_links_fk` on `continents_localizations_links` (`continent_id`);
CREATE INDEX `continents_localizations_links_inv_fk` on `continents_localizations_links` (`inv_continent_id`);
CREATE UNIQUE INDEX `continents_localizations_links_unique` on `continents_localizations_links` (`continent_id`, `inv_continent_id`);
CREATE INDEX `continents_localizations_links_order_fk` on `continents_localizations_links` (`continent_order`);
CREATE INDEX `countries_continent_links_fk` on `countries_continent_links` (`country_id`);
CREATE INDEX `countries_continent_links_inv_fk` on `countries_continent_links` (`continent_id`);
CREATE UNIQUE INDEX `countries_continent_links_unique` on `countries_continent_links` (`country_id`, `continent_id`);
CREATE INDEX `countries_continent_links_order_inv_fk` on `countries_continent_links` (`country_order`);
CREATE INDEX `article_country_links_fk` on `article_country_links` (`articles_id`);
CREATE INDEX `article_country_links_inv_fk` on `article_country_links` (`country_id`);
CREATE UNIQUE INDEX `article_country_links_unique` on `article_country_links` (`articles_id`, `country_id`);
CREATE INDEX `article_country_links_order_inv_fk` on `article_country_links` (`articles_order`);
CREATE INDEX `article_created_by_id_fk` on `article` (`created_by_id`);
CREATE INDEX `article_updated_by_id_fk` on `article` (`updated_by_id`);
CREATE INDEX `types_created_by_id_fk` on `types` (`created_by_id`);
CREATE INDEX `types_updated_by_id_fk` on `types` (`updated_by_id`);
CREATE INDEX `article_article_type_links_fk` on `article_article_type_links` (`articles_id`);
CREATE INDEX `article_article_type_links_inv_fk` on `article_article_type_links` (`type_id`);
CREATE UNIQUE INDEX `article_article_type_links_unique` on `article_article_type_links` (`articles_id`, `type_id`);
CREATE INDEX `article_article_type_links_order_inv_fk` on `article_article_type_links` (`articles_order`);
COMMIT;
